title,price
Lenovo Ideapad Slim 5i Core i5 11th Gen - (8 GB/1 TB HDD/256 GB SSD/Windows 10 Home) 15 ITL 05 Thin an...,"₹63,990"
ASUS VivoBook 15 Ryzen 5 Quad Core 3500U - (8 GB/1 TB HDD/Windows 10 Home) M515DA-BQ502TS Thin and Lig...,"₹41,990"
Lenovo Lenovo V Athlon Dual Core 3050U - (4 GB/1 TB HDD/Windows 10 Home) V-15 ADA Laptop,"₹26,990"
HP 15s Core i3 10th Gen - (8 GB/1 TB HDD/256 GB SSD/Windows 10 Home) 15s-du1064TU Laptop,"₹44,490"
ASUS VivoBook Ultra 14 Core i3 10th Gen - (4 GB/512 GB SSD/Windows 10 Home) X413JA-EK267T||X413JA-EB30...,"₹38,990"
HP 14s Core i3 11th Gen - (8 GB/256 GB SSD/Windows 10 Home) 14s- DY2501TU Thin and Light Laptop,"₹41,990"
ASUS TUF Gaming F15 Core i5 10th Gen - (8 GB/512 GB SSD/Windows 10 Home/4 GB Graphics/NVIDIA GeForce G...,"₹61,990"
HP 15s Ryzen 5 Quad Core 3500U - (8 GB/512 GB SSD/Windows 10 Home) 15s-gr0500AU Thin and Light Laptop,"₹52,629"
HP Core i3 11th Gen - (8 GB/256 GB SSD/Windows 10 Home) 15s-FQ2075TU Thin and Light Laptop,"₹41,490"
DELL Vostro Core i3 10th Gen - (4 GB/256 GB SSD/Windows 10 Home) Vostro 3401 Thin and Light Laptop,"₹36,490"
DELL Inspiron 3505 Ryzen 3 Dual Core 3250U - (8 GB/256 GB SSD/Windows 10 Home) Inspiron 3505 Laptop,"₹35,750"
ASUS VivoBook Ultra 14 Ryzen 7 Octa Core 4700U - (8 GB/512 GB SSD/Windows 10 Home) M413IA-EK587T Thin ...,"₹59,990"
HP 15s Ryzen 3 Dual Core 3250U - (8 GB/1 TB HDD/Windows 10 Home) 15s-GR0011AU Thin and Light Laptop,"₹37,490"
DELL Inspiron 3501 Core i5 11th Gen - (8 GB/1 TB HDD/256 GB SSD/Windows 10 Home) Inspiron 3501 Laptop,"₹57,150"
MSI GF63 Thin Hexa Core i5 10th Gen - (8 GB/1 TB HDD/256 GB SSD/Windows 10 Home/4 GB Graphics/NVIDIA G...,"₹58,990"
DELL Vostro 3405 Ryzen 5 Quad Core 3450U - (8 GB/256 GB SSD/Windows 10 Home) Vostro 3405 Thin and Ligh...,"₹42,250"
DELL Inspiron Ryzen 5 Hexa Core 5500U - (8 GB/512 GB SSD/Windows 10) Inspiron 5515 Thin and Light Lapt...,"₹58,522"
DELL Inspiron Ryzen 5 Quad Core 3450U - (8 GB/256 GB SSD/Windows 10) Inspiron 3505 Laptop,"₹41,690"
Lenovo Ideapad Slim 5 Ryzen 7 Octa Core 5700U - (16 GB/512 GB SSD/Windows 10 Home) 15ALC05 A Thin and ...,"₹67,990"
DELL Inspiron Ryzen 5 Hexa Core 5500U - (8 GB/512 GB SSD/Windows 10) Inspiron 7415 2 in 1 Laptop,"₹66,450"
MSI GF65 Thin Hexa Core i5 10th Gen - (16 GB/512 GB SSD/Windows 10 Home/6 GB Graphics/NVIDIA GeForce G...,"₹74,990"
ASUS TUF Gaming A17 Ryzen 5 Hexa Core 4600H - (8 GB/512 GB SSD/Windows 10 Home/4 GB Graphics/NVIDIA Ge...,"₹62,990"
HP 14s Core i3 11th Gen - (8 GB/512 GB SSD/Windows 10 Home) 14s- DR2015TU Thin and Light Laptop,"₹47,990"
MSI Modern 14 Ryzen 5 Hexa Core 4500U - (8 GB/512 GB SSD/Windows 10 Home) Modern 14 B4MW-410IN Noteboo...,"₹51,990"
HP Pentium Quad Core - (8 GB/256 GB SSD/Windows 10 Home) 14s- DQ3018TU Thin and Light Laptop,"₹31,490"
HP Pavilion Gaming Ryzen 7 Octa Core 4800H - (16 GB/1 TB HDD/256 GB SSD/Windows 10 Home/4 GB Graphics/...,"₹80,990"
ASUS VivoBook Ultra 14 Core i3 10th Gen - (4 GB/512 GB SSD/Windows 10 Home) X413JA-EK261T||X413JA-EB30...,"₹38,990"
Lenovo Ideapad Slim 5i Core i5 11th Gen - (8 GB/1 TB HDD/256 GB SSD/Windows 10 Home) 15 ITL 05 Thin an...,"₹63,990"
MSI Modern 14 Core i3 11th Gen - (8 GB/512 GB SSD/Windows 10 Home) Modern 14 B11MO-094IN Thin and Ligh...,"₹46,990"
ASUS VivoBook Ultra 15 Core i5 11th Gen - (16 GB/1 TB HDD/256 GB SSD/Windows 10 Home) K513EA-BQ563TS T...,"₹63,990"
Mi Notebook 14 Core i5 10th Gen - (8 GB/256 GB SSD/Windows 10 Home) JYU4298IN Thin and Light Laptop,"₹44,999"
ASUS VivoBook 15 Ryzen 5 Quad Core 3500U - (8 GB/1 TB HDD/Windows 10 Home) M515DA-BQ502TS Thin and Lig...,"₹41,990"
Lenovo Ideapad Slim 5i Core i5 11th Gen - (16 GB/512 GB SSD/Windows 10 Home) 15 ITL 05 Thin and Light ...,"₹66,990"
Lenovo ThinkPad E14 Gen2 Ryzen 5 Hexa Core 4650U 5th Gen - (8 GB/256 GB SSD/Windows 10 Home) E14 Lapto...,"₹53,990"
HP 15s Ryzen 3 Dual Core 3250U - (8 GB/1 TB HDD/256 GB SSD/Windows 10 Home) 15s-GR0012AU Laptop,"₹42,490"
DELL Inspiron Ryzen 5 Quad Core 3450U - (8 GB/256 GB SSD/Windows 10) Inspiron 3505 Laptop,"₹41,690"
HP Pavilion Core i7 11th Gen - (16 GB/1 TB SSD/Windows 10 Home) 14-dv0058TU Thin and Light Laptop,"₹84,990"
HP 15s Ryzen 5 Quad Core 3500U - (8 GB/512 GB SSD/Windows 10 Home) 15s-eq0500AU Thin and Light Laptop,"₹48,990"
MSI Modern 14 Core i5 10th Gen - (8 GB/512 GB SSD/Windows 10 Home) Modern 14 B10MW-423IN Laptop,"₹49,990"
HP 15s Ryzen 5 Quad Core 3500U - (8 GB/512 GB SSD/Windows 10 Home) 15s-gr0500AU Thin and Light Laptop,"₹52,629"
DELL Inspiron Core i5 11th Gen - (8 GB/512 GB SSD/Windows 10 Home/2 GB Graphics) Inspiron 5502 Thin an...,"₹65,550"
DELL Vostro Core i3 10th Gen - (8 GB/256 GB SSD/Windows 10 Home) Vostro 3401 Thin and Light Laptop,"₹39,190"
HP 15s Core i5 11th Gen - (8 GB/512 GB SSD/Windows 10 Home) 15s-FQ2535TU Thin and Light Laptop,"₹58,990"
ASUS VivoBook Ultra 14 Ryzen 7 Octa Core 4700U - (8 GB/512 GB SSD/Windows 10 Home) M413IA-EK587T Thin ...,"₹59,990"
Lenovo Ideapad Slim 3i (2021) Core i3 11th Gen - (8 GB/256 GB SSD/Windows 10 Home) 14 ITL 6 Thin and L...,"₹43,990"
HP 15s Pentium Gold - (4 GB/1 TB HDD/Windows 10 Home) 15s-du1052TU Thin and Light Laptop,"₹28,990"
Lenovo V Series Athlon Dual Core 3050U - (4 GB/1 TB HDD/Windows 10 Home) V-15 ADA Laptop,"₹27,990"
DELL Vostro 3405 Ryzen 5 Quad Core 3450U - (8 GB/256 GB SSD/Windows 10 Home) Vostro 3405 Thin and Ligh...,"₹42,250"
acer Extensa 15 Pentium Quad Core - (4 GB/256 GB SSD/Windows 10 Home) EX215-31 Laptop,"₹26,490"
APPLE MacBook Air M1 - (8 GB/256 GB SSD/Mac OS Big Sur) MGN63HN/A,"₹92,900"
ASUS VivoBook 15 Ryzen 5 Quad Core 3500U - (8 GB/1 TB HDD/Windows 10 Home) M515DA-BQ502TS Thin and Lig...,"₹41,990"
Lenovo Ideapad Slim 5i Core i5 11th Gen - (8 GB/1 TB HDD/256 GB SSD/Windows 10 Home) 15 ITL 05 Thin an...,"₹63,990"
ASUS VivoBook Flip Ryzen 7 Octa Core - (8 GB/512 GB SSD/Windows 10 Home) TM420UA-EC701TS 2 in 1 Laptop,"₹69,990"
HP 15-ec1105AX Ryzen 5 Hexa Core 4600H - (8 GB/512 GB SSD/Windows 10 Home/4 GB Graphics/NVIDIA GeForce...,"₹62,990"
MSI GF63 Thin Core i5 9th Gen - (8 GB/512 GB SSD/Windows 10 Home/4 GB Graphics/NVIDIA GeForce GTX 1650...,"₹56,990"
DELL Inspiron Ryzen 5 Quad Core 3450U - (8 GB/256 GB SSD/Windows 10) Inspiron 3505 Laptop,"₹41,690"
APPLE MacBook Pro M1 - (8 GB/512 GB SSD/Mac OS Big Sur) MYD92HN/A,"₹1,29,990"
MSI GF63 Thin Core i7 9th Gen - (8 GB/512 GB SSD/Windows 10 Home/4 GB Graphics/NVIDIA GeForce GTX 1650...,"₹69,990"
ASUS VivoBook Ultra K14 (2021) Ryzen 5 Hexa Core 5500U - (8 GB/512 GB SSD/Windows 10 Home) KM413UA-EB5...,"₹55,990"
ASUS VivoBook Ultra 14 Ryzen 7 Octa Core 4700U - (8 GB/512 GB SSD/Windows 10 Home) M413IA-EK587T Thin ...,"₹59,990"
Lenovo Ideapad Slim 3i (2021) Core i5 11th Gen - (8 GB/512 GB SSD/Windows 10 Home) IdeaPad 3 15ITL6 Th...,"₹57,990"
ASUS TUF Gaming F15 (2021) Core i5 11th Gen - (16 GB/512 GB SSD/Windows 10 Home/6 GB Graphics/NVIDIA G...,"₹1,04,890"
APPLE MacBook Air M1 - (8 GB/256 GB SSD/Mac OS Big Sur) MGN93HN/A,"₹92,900"
DELL Inspiron Ryzen 5 Hexa Core 5500U - (8 GB/512 GB SSD/Windows 10) Inspiron 7415 2 in 1 Laptop,"₹66,450"
Lenovo Ideapad Slim 5i Core i5 11th Gen - (8 GB/1 TB HDD/256 GB SSD/Windows 10 Home/2 GB Graphics) 15 ...,"₹70,990"
ASUS VivoBook Flip Ryzen 5 Hexa Core - (8 GB/512 GB SSD/Windows 10 Home) TM420UA-EC501TS 2 in 1 Laptop,"₹59,990"
acer Aspire 7 Core i5 9th Gen - (8 GB/512 GB SSD/Windows 10 Home/4 GB Graphics/NVIDIA GeForce GTX 1650...,"₹56,990"
MSI Modern 14 Ryzen 5 Hexa Core 4500U - (8 GB/512 GB SSD/Windows 10 Home) Modern 14 B4MW-410IN Noteboo...,"₹51,990"
acer Aspire 7 Core i5 10th Gen - (8 GB/512 GB SSD/Windows 10 Home/4 GB Graphics/NVIDIA GeForce GTX 165...,"₹59,990"
HP HP Pavilion Core i5 11th Gen - (16 GB/512 GB SSD/Windows 10 Home) 14-dv0055TU Thin and Light Laptop,"₹66,990"
DELL Vostro 3405 Ryzen 5 Quad Core 3450U - (8 GB/256 GB SSD/Windows 10 Home) Vostro 3405 Thin and Ligh...,"₹42,250"
DELL Inspiron Ryzen 5 Hexa Core 5500U - (8 GB/512 GB SSD/Windows 10) Inspiron 5515 Thin and Light Lapt...,"₹58,522"
ASUS ROG Strix G15 Core i7 10th Gen - (16 GB/512 GB SSD/Windows 10 Home/4 GB Graphics/NVIDIA GeForce G...,"₹86,990"
ASUS VivoBook Ultra 17 Ryzen 5 Hexa Core - (8 GB/1 TB HDD/256 GB SSD/Windows 10 Home) M712UA-AU501TS T...,"₹62,990"
HP 14s Core i5 11th Gen - (8 GB/512 GB SSD/Windows 10 Home) 14s- DR2016TU Thin and Light Laptop,"₹58,990"
Lenovo Ideapad Slim 5i Core i5 11th Gen - (8 GB/1 TB HDD/256 GB SSD/Windows 10 Home) 15 ITL 05 Thin an...,"₹63,990"
HP Core i3 11th Gen - (8 GB/512 GB SSD/Windows 10 Home) 15s-FR2006TU Thin and Light Laptop,"₹45,990"
HP Core i3 11th Gen - (8 GB/512 GB SSD/Windows 10 Home) 15s-FR2006TU Thin and Light Laptop,"₹45,490"
ASUS Ryzen 5 Quad Core 3500U - (8 GB/512 GB SSD/Windows 10 Home) M515DA-BQ512TS Thin and Light Laptop,"₹49,990"
ASUS VivoBook 15 Ryzen 5 Quad Core 3500U - (8 GB/1 TB HDD/Windows 10 Home) M515DA-BQ502TS Thin and Lig...,"₹41,990"
DELL Inspiron Core i5 11th Gen - (8 GB/512 GB SSD/Windows 10 Home) INSP 5406 2in1 2 in 1 Laptop,"₹67,230"
Lenovo Legion Core i7 9th Gen - (8 GB/1 TB HDD/256 GB SSD/Windows 10 Home/4 GB Graphics) Y540-15IRH-PG...,"₹69,990"
ASUS ROG Strix G15 (2021) Ryzen 5 Hexa Core 5600H - (8 GB/1 TB SSD/Windows 10 Home/4 GB Graphics/NVIDI...,"₹89,990"
DELL Inspiron Ryzen 5 Quad Core 3450U - (8 GB/256 GB SSD/Windows 10) Inspiron 3505 Laptop,"₹41,690"
ASUS ROG Strix G15 Core i5 10th Gen - (8 GB/512 GB SSD/Windows 10 Home/4 GB Graphics/NVIDIA GeForce GT...,"₹68,990"
Lenovo Ideapad Gaming 3 Ryzen 5 Hexa Core 4600H - (8 GB/1 TB HDD/256 GB SSD/Windows 10 Home/4 GB Graph...,"₹63,990"
Lenovo Legion Y540 Core i5 9th Gen - (8 GB/512 GB SSD/Windows 10 Home/4 GB Graphics) Y540-15IRH-PG0 Th...,"₹57,990"
HP 15s Ryzen 5 Quad Core 3500U - (8 GB/512 GB SSD/Windows 10 Home) 15s-gr0500AU Thin and Light Laptop,"₹52,629"
ASUS TUF Gaming A17 Ryzen 7 Octa Core 4800H - (16 GB/1 TB HDD/256 GB SSD/Windows 10 Home/6 GB Graphics...,"₹91,990"
ASUS VivoBook Ultra 14 Core i5 11th Gen - (8 GB/512 GB SSD/Windows 10 Home/2 GB Graphics) X413EP-EB512...,"₹62,990"
HP 15s Core i3 11th Gen - (8 GB/1 TB HDD/Windows 10 Home) 15s-du3038TU Thin and Light Laptop,"₹42,490"
ASUS VivoBook Ultra 14 Ryzen 7 Octa Core 4700U - (8 GB/512 GB SSD/Windows 10 Home) M413IA-EK587T Thin ...,"₹59,990"
Lenovo Legion 5 Core i5 10th Gen - (8 GB/512 GB SSD/Windows 10 Home/4 GB Graphics/NVIDIA GeForce GTX 1...,"₹68,990"
Lenovo IdeaPad Gaming 3 Core i5 10th Gen - (8 GB/1 TB HDD/256 GB SSD/Windows 10 Home/4 GB Graphics/NVI...,"₹63,990"
DELL G3 Core i7 10th Gen - (16 GB/1 TB HDD/256 GB SSD/Windows 10 Home/4 GB Graphics/NVIDIA GeForce GTX...,"₹88,990"
DELL Vostro 3405 Ryzen 5 Quad Core 3450U - (8 GB/256 GB SSD/Windows 10 Home) Vostro 3405 Thin and Ligh...,"₹42,250"
APPLE MacBook Pro with Touch Bar Core i5 10th Gen - (16 GB/512 GB SSD/Mac OS Catalina) MWP42HN/A,"₹1,65,996"
HP Omen Ryzen 5 Hexa Core 4600H - (8 GB/512 GB SSD/Windows 10 Home/6 GB Graphics/NVIDIA GeForce GTX 16...,"₹83,990"
ASUS ZenBook 13 Core i5 8th Gen - (8 GB/512 GB SSD/Windows 10 Home) UX331UAL-EG011T Thin and Light Lap...,"₹59,990"
Lenovo Ideapad Slim 5i Core i5 11th Gen - (8 GB/1 TB HDD/256 GB SSD/Windows 10 Home) 15 ITL 05 Thin an...,"₹63,990"
ASUS ROG Strix G15 (2020) Octa Core i7 10th Gen - (16 GB/1 TB SSD/Windows 10 Home/4 GB Graphics/NVIDIA...,"₹92,990"
HP 15s Core i3 10th Gen - (8 GB/1 TB HDD/Windows 10 Home) 15s-DU1066TU Thin and Light Laptop,"₹40,990"
ASUS ROG Zephyrus G14 Ryzen 9 Octa Core 4900HS - (16 GB/512 GB SSD/Windows 10 Home/6 GB Graphics/NVIDI...,"₹1,08,990"
ASUS VivoBook 15 Ryzen 5 Quad Core 3500U - (8 GB/1 TB HDD/Windows 10 Home) M515DA-BQ502TS Thin and Lig...,"₹41,990"
ASUS VivoBook Ultra 14 Ryzen 7 Octa Core 4700U - (8 GB/512 GB SSD/Windows 10 Home) M413IA-EK587T Thin ...,"₹59,990"
Lenovo Legion Y540 Core i5 9th Gen - (8 GB/1 TB HDD/256 GB SSD/Windows 10 Home/4 GB Graphics/NVIDIA Ge...,"₹69,989"
ASUS VivoBook 15 Core i5 10th Gen - (8 GB/1 TB HDD/Windows 10 Home) X515JA-EJ501T Thin and Light Lapto...,"₹45,990"
DELL Inspiron Ryzen 5 Quad Core 3450U - (8 GB/256 GB SSD/Windows 10) Inspiron 3505 Laptop,"₹41,690"
MSI Modern 14 Core i5 11th Gen - (8 GB/512 GB SSD/Windows 10 Home) Modern 14 B11MO-093IN Thin and Ligh...,"₹54,990"
HP Chromebook MT8183 - (4 GB/64 GB EMMC Storage/Chrome OS) 11a-na0006MU Chromebook,"₹22,990"
MSI GF63 Thin Core i7 10th Gen - (8 GB/1 TB HDD/256 GB SSD/Windows 10 Home/4 GB Graphics/NVIDIA GeForc...,"₹72,990"
HP 15s Ryzen 5 Quad Core 3500U - (8 GB/512 GB SSD/Windows 10 Home) 15s-gr0500AU Thin and Light Laptop,"₹52,629"
DELL Inspiron Core i3 10th Gen - (8 GB/1 TB HDD/Windows 10 Home) Inspiron 3501 Laptop,"₹44,500"
DELL G15 Core i5 10th Gen - (16 GB/512 GB SSD/Windows 10/4 GB Graphics/NVIDIA GeForce GTX 1650/120 Hz)...,"₹76,990"
ASUS VivoBook Ultra 14 Core i3 10th Gen - (4 GB/512 GB SSD/Windows 10 Home) X413JA-EK268T||X413JA-EB30...,"₹38,990"
DELL Vostro 3405 Ryzen 5 Quad Core 3450U - (8 GB/256 GB SSD/Windows 10 Home) Vostro 3405 Thin and Ligh...,"₹42,250"
DELL Inspiron Core i3 11th Gen - (8 GB/1 TB HDD/Windows 10) INSPIRON 3501 Notebook,"₹43,990"
DELL Inspiron Core i7 11th Gen - (16 GB/512 GB SSD/Windows 10) Inspiron 5410 2 in 1 Laptop,"₹85,550"
HP Pavilion Gaming Ryzen 5 Quad Core 3550H - (8 GB/512 GB SSD/Windows 10 Home/4 GB Graphics/NVIDIA GeF...,"₹59,990"
DELL Inspiron Ryzen 5 Hexa Core 5500U - (8 GB/512 GB SSD/Windows 10) Inspiron 7415 2 in 1 Laptop,"₹66,450"
Lenovo Ideapad Slim 5i Core i5 11th Gen - (8 GB/1 TB HDD/256 GB SSD/Windows 10 Home) 15 ITL 05 Thin an...,"₹63,990"
ASUS VivoBook 15 Ryzen 5 Quad Core 3500U - (8 GB/1 TB HDD/Windows 10 Home) M515DA-BQ502TS Thin and Lig...,"₹41,990"
Lenovo Lenovo V Athlon Dual Core 3050U - (4 GB/1 TB HDD/Windows 10 Home) V-15 ADA Laptop,"₹26,990"
HP 15s Core i3 10th Gen - (8 GB/1 TB HDD/256 GB SSD/Windows 10 Home) 15s-du1064TU Laptop,"₹44,490"
ASUS VivoBook Ultra 14 Core i3 10th Gen - (4 GB/512 GB SSD/Windows 10 Home) X413JA-EK267T||X413JA-EB30...,"₹38,990"
HP 14s Core i3 11th Gen - (8 GB/256 GB SSD/Windows 10 Home) 14s- DY2501TU Thin and Light Laptop,"₹41,990"
ASUS TUF Gaming F15 Core i5 10th Gen - (8 GB/512 GB SSD/Windows 10 Home/4 GB Graphics/NVIDIA GeForce G...,"₹61,990"
HP 15s Ryzen 5 Quad Core 3500U - (8 GB/512 GB SSD/Windows 10 Home) 15s-gr0500AU Thin and Light Laptop,"₹52,629"
HP Core i3 11th Gen - (8 GB/256 GB SSD/Windows 10 Home) 15s-FQ2075TU Thin and Light Laptop,"₹41,490"
DELL Vostro Core i3 10th Gen - (4 GB/256 GB SSD/Windows 10 Home) Vostro 3401 Thin and Light Laptop,"₹36,490"
DELL Inspiron 3505 Ryzen 3 Dual Core 3250U - (8 GB/256 GB SSD/Windows 10 Home) Inspiron 3505 Laptop,"₹35,750"
ASUS VivoBook Ultra 14 Ryzen 7 Octa Core 4700U - (8 GB/512 GB SSD/Windows 10 Home) M413IA-EK587T Thin ...,"₹59,990"
HP 15s Ryzen 3 Dual Core 3250U - (8 GB/1 TB HDD/Windows 10 Home) 15s-GR0011AU Thin and Light Laptop,"₹37,490"
DELL Inspiron 3501 Core i5 11th Gen - (8 GB/1 TB HDD/256 GB SSD/Windows 10 Home) Inspiron 3501 Laptop,"₹57,150"
MSI GF63 Thin Hexa Core i5 10th Gen - (8 GB/1 TB HDD/256 GB SSD/Windows 10 Home/4 GB Graphics/NVIDIA G...,"₹58,990"
DELL Vostro 3405 Ryzen 5 Quad Core 3450U - (8 GB/256 GB SSD/Windows 10 Home) Vostro 3405 Thin and Ligh...,"₹42,250"
DELL Inspiron Ryzen 5 Hexa Core 5500U - (8 GB/512 GB SSD/Windows 10) Inspiron 5515 Thin and Light Lapt...,"₹58,522"
DELL Inspiron Ryzen 5 Quad Core 3450U - (8 GB/256 GB SSD/Windows 10) Inspiron 3505 Laptop,"₹41,690"
Lenovo Ideapad Slim 5 Ryzen 7 Octa Core 5700U - (16 GB/512 GB SSD/Windows 10 Home) 15ALC05 A Thin and ...,"₹67,990"
DELL Inspiron Ryzen 5 Hexa Core 5500U - (8 GB/512 GB SSD/Windows 10) Inspiron 7415 2 in 1 Laptop,"₹66,450"
MSI GF65 Thin Hexa Core i5 10th Gen - (16 GB/512 GB SSD/Windows 10 Home/6 GB Graphics/NVIDIA GeForce G...,"₹74,990"
ASUS TUF Gaming A17 Ryzen 5 Hexa Core 4600H - (8 GB/512 GB SSD/Windows 10 Home/4 GB Graphics/NVIDIA Ge...,"₹62,990"
HP 14s Core i3 11th Gen - (8 GB/512 GB SSD/Windows 10 Home) 14s- DR2015TU Thin and Light Laptop,"₹47,990"
MSI Modern 14 Ryzen 5 Hexa Core 4500U - (8 GB/512 GB SSD/Windows 10 Home) Modern 14 B4MW-410IN Noteboo...,"₹51,990"
ASUS VivoBook 15 Core i3 11th Gen - (8 GB/256 GB SSD/Windows 10 Home) X515EA-EJ312TS Thin and Light La...,"₹41,990"
HP Pentium Quad Core - (8 GB/256 GB SSD/Windows 10 Home) 14s- DQ3018TU Thin and Light Laptop,"₹31,490"
HP Pavilion Gaming Ryzen 7 Octa Core 4800H - (16 GB/1 TB HDD/256 GB SSD/Windows 10 Home/4 GB Graphics/...,"₹80,990"
Lenovo Ideapad Slim 5i Core i5 11th Gen - (8 GB/1 TB HDD/256 GB SSD/Windows 10 Home) 15 ITL 05 Thin an...,"₹63,990"
ASUS VivoBook Ultra 14 Core i3 10th Gen - (4 GB/512 GB SSD/Windows 10 Home) X413JA-EK261T||X413JA-EB30...,"₹38,990"
DELL Vostro Core i3 10th Gen - (8 GB/256 GB SSD/Windows 10 Home) Vostro 3401 Thin and Light Laptop,"₹39,190"
ASUS VivoBook Ultra 15 Core i5 11th Gen - (16 GB/1 TB HDD/256 GB SSD/Windows 10 Home) K513EA-BQ563TS T...,"₹63,990"
ASUS VivoBook 15 Ryzen 5 Quad Core 3500U - (8 GB/1 TB HDD/Windows 10 Home) M515DA-BQ502TS Thin and Lig...,"₹41,990"
Mi Notebook 14 Core i5 10th Gen - (8 GB/256 GB SSD/Windows 10 Home) JYU4298IN Thin and Light Laptop,"₹44,999"
MSI Modern 14 Core i3 11th Gen - (8 GB/512 GB SSD/Windows 10 Home) Modern 14 B11MO-094IN Thin and Ligh...,"₹46,990"
Lenovo Ideapad Slim 5i Core i5 11th Gen - (16 GB/512 GB SSD/Windows 10 Home) 15 ITL 05 Thin and Light ...,"₹66,990"
DELL Inspiron Ryzen 5 Quad Core 3450U - (8 GB/256 GB SSD/Windows 10) Inspiron 3505 Laptop,"₹41,690"
Lenovo ThinkPad E14 Gen2 Ryzen 5 Hexa Core 4650U 5th Gen - (8 GB/256 GB SSD/Windows 10 Home) E14 Lapto...,"₹53,990"
HP 15s Ryzen 3 Dual Core 3250U - (8 GB/1 TB HDD/256 GB SSD/Windows 10 Home) 15s-GR0012AU Laptop,"₹42,490"
HP Pavilion Core i7 11th Gen - (16 GB/1 TB SSD/Windows 10 Home) 14-dv0058TU Thin and Light Laptop,"₹84,990"
HP 15s Ryzen 5 Quad Core 3500U - (8 GB/512 GB SSD/Windows 10 Home) 15s-gr0500AU Thin and Light Laptop,"₹52,629"
HP 15s Core i5 11th Gen - (8 GB/512 GB SSD/Windows 10 Home) 15s-FQ2535TU Thin and Light Laptop,"₹58,990"
HP 15s Ryzen 5 Quad Core 3500U - (8 GB/512 GB SSD/Windows 10 Home) 15s-eq0500AU Thin and Light Laptop,"₹48,990"
MSI Modern 14 Core i5 10th Gen - (8 GB/512 GB SSD/Windows 10 Home) Modern 14 B10MW-423IN Laptop,"₹49,990"
ASUS VivoBook Ultra 14 Ryzen 7 Octa Core 4700U - (8 GB/512 GB SSD/Windows 10 Home) M413IA-EK587T Thin ...,"₹59,990"
DELL Inspiron Core i5 11th Gen - (8 GB/512 GB SSD/Windows 10 Home/2 GB Graphics) Inspiron 5502 Thin an...,"₹65,550"
Lenovo Ideapad Slim 3i (2021) Core i3 11th Gen - (8 GB/256 GB SSD/Windows 10 Home) 14 ITL 6 Thin and L...,"₹43,990"
HP 15s Pentium Gold - (4 GB/1 TB HDD/Windows 10 Home) 15s-du1052TU Thin and Light Laptop,"₹28,990"
DELL Vostro 3405 Ryzen 5 Quad Core 3450U - (8 GB/256 GB SSD/Windows 10 Home) Vostro 3405 Thin and Ligh...,"₹42,250"
acer Extensa 15 Pentium Quad Core - (4 GB/256 GB SSD/Windows 10 Home) EX215-31 Laptop,"₹26,490"
APPLE MacBook Air M1 - (8 GB/256 GB SSD/Mac OS Big Sur) MGN63HN/A,"₹92,900"
ASUS VivoBook 15 Ryzen 5 Quad Core 3500U - (8 GB/1 TB HDD/Windows 10 Home) M515DA-BQ502TS Thin and Lig...,"₹41,990"
Lenovo Ideapad Slim 5i Core i5 11th Gen - (8 GB/1 TB HDD/256 GB SSD/Windows 10 Home) 15 ITL 05 Thin an...,"₹63,990"
ASUS VivoBook Flip Ryzen 7 Octa Core - (8 GB/512 GB SSD/Windows 10 Home) TM420UA-EC701TS 2 in 1 Laptop,"₹69,990"
HP 15-ec1105AX Ryzen 5 Hexa Core 4600H - (8 GB/512 GB SSD/Windows 10 Home/4 GB Graphics/NVIDIA GeForce...,"₹62,990"
MSI GF63 Thin Core i5 9th Gen - (8 GB/512 GB SSD/Windows 10 Home/4 GB Graphics/NVIDIA GeForce GTX 1650...,"₹56,990"
DELL Inspiron Ryzen 5 Quad Core 3450U - (8 GB/256 GB SSD/Windows 10) Inspiron 3505 Laptop,"₹41,690"
APPLE MacBook Pro M1 - (8 GB/512 GB SSD/Mac OS Big Sur) MYD92HN/A,"₹1,29,990"
MSI GF63 Thin Core i7 9th Gen - (8 GB/512 GB SSD/Windows 10 Home/4 GB Graphics/NVIDIA GeForce GTX 1650...,"₹69,990"
ASUS VivoBook Ultra K14 (2021) Ryzen 5 Hexa Core 5500U - (8 GB/512 GB SSD/Windows 10 Home) KM413UA-EB5...,"₹55,990"
ASUS VivoBook Ultra 14 Ryzen 7 Octa Core 4700U - (8 GB/512 GB SSD/Windows 10 Home) M413IA-EK587T Thin ...,"₹59,990"
Lenovo Ideapad Slim 3i (2021) Core i5 11th Gen - (8 GB/512 GB SSD/Windows 10 Home) IdeaPad 3 15ITL6 Th...,"₹57,990"
ASUS TUF Gaming F15 (2021) Core i5 11th Gen - (16 GB/512 GB SSD/Windows 10 Home/6 GB Graphics/NVIDIA G...,"₹1,04,890"
APPLE MacBook Air M1 - (8 GB/256 GB SSD/Mac OS Big Sur) MGN93HN/A,"₹92,900"
DELL Inspiron Ryzen 5 Hexa Core 5500U - (8 GB/512 GB SSD/Windows 10) Inspiron 7415 2 in 1 Laptop,"₹66,450"
Lenovo Ideapad Slim 5i Core i5 11th Gen - (8 GB/1 TB HDD/256 GB SSD/Windows 10 Home/2 GB Graphics) 15 ...,"₹70,990"
ASUS VivoBook Flip Ryzen 5 Hexa Core - (8 GB/512 GB SSD/Windows 10 Home) TM420UA-EC501TS 2 in 1 Laptop,"₹59,990"
acer Aspire 7 Core i5 9th Gen - (8 GB/512 GB SSD/Windows 10 Home/4 GB Graphics/NVIDIA GeForce GTX 1650...,"₹56,990"
MSI Modern 14 Ryzen 5 Hexa Core 4500U - (8 GB/512 GB SSD/Windows 10 Home) Modern 14 B4MW-410IN Noteboo...,"₹51,990"
acer Aspire 7 Core i5 10th Gen - (8 GB/512 GB SSD/Windows 10 Home/4 GB Graphics/NVIDIA GeForce GTX 165...,"₹59,990"
HP HP Pavilion Core i5 11th Gen - (16 GB/512 GB SSD/Windows 10 Home) 14-dv0055TU Thin and Light Laptop,"₹66,990"
DELL Vostro 3405 Ryzen 5 Quad Core 3450U - (8 GB/256 GB SSD/Windows 10 Home) Vostro 3405 Thin and Ligh...,"₹42,250"
DELL Inspiron Ryzen 5 Hexa Core 5500U - (8 GB/512 GB SSD/Windows 10) Inspiron 5515 Thin and Light Lapt...,"₹58,522"
ASUS ROG Strix G15 Core i7 10th Gen - (16 GB/512 GB SSD/Windows 10 Home/4 GB Graphics/NVIDIA GeForce G...,"₹86,990"
ASUS VivoBook Ultra 17 Ryzen 5 Hexa Core - (8 GB/1 TB HDD/256 GB SSD/Windows 10 Home) M712UA-AU501TS T...,"₹62,990"
HP 14s Core i5 11th Gen - (8 GB/512 GB SSD/Windows 10 Home) 14s- DR2016TU Thin and Light Laptop,"₹58,990"
Lenovo Ideapad Slim 5i Core i5 11th Gen - (8 GB/1 TB HDD/256 GB SSD/Windows 10 Home) 15 ITL 05 Thin an...,"₹63,990"
HP Core i3 11th Gen - (8 GB/512 GB SSD/Windows 10 Home) 15s-FR2006TU Thin and Light Laptop,"₹45,990"
HP Core i3 11th Gen - (8 GB/512 GB SSD/Windows 10 Home) 15s-FR2006TU Thin and Light Laptop,"₹45,490"
ASUS Ryzen 5 Quad Core 3500U - (8 GB/512 GB SSD/Windows 10 Home) M515DA-BQ512TS Thin and Light Laptop,"₹49,990"
ASUS VivoBook 15 Ryzen 5 Quad Core 3500U - (8 GB/1 TB HDD/Windows 10 Home) M515DA-BQ502TS Thin and Lig...,"₹41,990"
DELL Inspiron Core i5 11th Gen - (8 GB/512 GB SSD/Windows 10 Home) INSP 5406 2in1 2 in 1 Laptop,"₹67,230"
Lenovo Legion Core i7 9th Gen - (8 GB/1 TB HDD/256 GB SSD/Windows 10 Home/4 GB Graphics) Y540-15IRH-PG...,"₹69,990"
ASUS ROG Strix G15 (2021) Ryzen 5 Hexa Core 5600H - (8 GB/1 TB SSD/Windows 10 Home/4 GB Graphics/NVIDI...,"₹89,990"
DELL Inspiron Ryzen 5 Quad Core 3450U - (8 GB/256 GB SSD/Windows 10) Inspiron 3505 Laptop,"₹41,690"
ASUS ROG Strix G15 Core i5 10th Gen - (8 GB/512 GB SSD/Windows 10 Home/4 GB Graphics/NVIDIA GeForce GT...,"₹68,990"
Lenovo Ideapad Gaming 3 Ryzen 5 Hexa Core 4600H - (8 GB/1 TB HDD/256 GB SSD/Windows 10 Home/4 GB Graph...,"₹63,990"
Lenovo Legion Y540 Core i5 9th Gen - (8 GB/512 GB SSD/Windows 10 Home/4 GB Graphics) Y540-15IRH-PG0 Th...,"₹57,990"
HP 15s Ryzen 5 Quad Core 3500U - (8 GB/512 GB SSD/Windows 10 Home) 15s-gr0500AU Thin and Light Laptop,"₹52,629"
ASUS TUF Gaming A17 Ryzen 7 Octa Core 4800H - (16 GB/1 TB HDD/256 GB SSD/Windows 10 Home/6 GB Graphics...,"₹91,990"
ASUS VivoBook Ultra 14 Core i5 11th Gen - (8 GB/512 GB SSD/Windows 10 Home/2 GB Graphics) X413EP-EB512...,"₹62,990"
HP 15s Core i3 11th Gen - (8 GB/1 TB HDD/Windows 10 Home) 15s-du3038TU Thin and Light Laptop,"₹42,490"
ASUS VivoBook Ultra 14 Ryzen 7 Octa Core 4700U - (8 GB/512 GB SSD/Windows 10 Home) M413IA-EK587T Thin ...,"₹59,990"
Lenovo Legion 5 Core i5 10th Gen - (8 GB/512 GB SSD/Windows 10 Home/4 GB Graphics/NVIDIA GeForce GTX 1...,"₹68,990"
Lenovo IdeaPad Gaming 3 Core i5 10th Gen - (8 GB/1 TB HDD/256 GB SSD/Windows 10 Home/4 GB Graphics/NVI...,"₹63,990"
DELL G3 Core i7 10th Gen - (16 GB/1 TB HDD/256 GB SSD/Windows 10 Home/4 GB Graphics/NVIDIA GeForce GTX...,"₹88,990"
DELL Vostro 3405 Ryzen 5 Quad Core 3450U - (8 GB/256 GB SSD/Windows 10 Home) Vostro 3405 Thin and Ligh...,"₹42,250"
acer Nitro Ryzen 5 Hexa Core 5600H - (8 GB/1 TB HDD/256 GB SSD/Windows 10 Home/4 GB Graphics/NVIDIA Ge...,"₹84,990"
APPLE MacBook Pro with Touch Bar Core i5 10th Gen - (16 GB/512 GB SSD/Mac OS Catalina) MWP42HN/A,"₹1,65,996"
HP 15s Ryzen 3 Dual Core 3250U - (4 GB/1 TB HDD/Windows 10 Home) 15s-GR0006AU Thin and Light Laptop,"₹32,490"
Lenovo Ideapad Slim 5i Core i5 11th Gen - (8 GB/1 TB HDD/256 GB SSD/Windows 10 Home) 15 ITL 05 Thin an...,"₹63,990"
ASUS ZenBook 13 Core i5 8th Gen - (8 GB/512 GB SSD/Windows 10 Home) UX331UAL-EG011T Thin and Light Lap...,"₹59,990"
HP Omen Ryzen 5 Hexa Core 4600H - (8 GB/512 GB SSD/Windows 10 Home/6 GB Graphics/NVIDIA GeForce GTX 16...,"₹83,990"
ASUS ROG Strix G15 (2020) Octa Core i7 10th Gen - (16 GB/1 TB SSD/Windows 10 Home/4 GB Graphics/NVIDIA...,"₹92,990"
ASUS VivoBook 15 Ryzen 5 Quad Core 3500U - (8 GB/1 TB HDD/Windows 10 Home) M515DA-BQ502TS Thin and Lig...,"₹41,990"
HP Pavilion x360 Core i3 10th Gen - (8 GB/512 GB SSD/Windows 10 Home) 14-dh1178TU 2 in 1 Laptop,"₹50,990"
ASUS ROG Zephyrus G14 Ryzen 9 Octa Core 4900HS - (16 GB/512 GB SSD/Windows 10 Home/6 GB Graphics/NVIDI...,"₹1,08,990"
ASUS ROG Strix G15 Core i5 10th Gen - (8 GB/1 TB SSD/Windows 10 Home/4 GB Graphics/NVIDIA GeForce GTX ...,"₹74,990"
DELL Inspiron Ryzen 5 Quad Core 3450U - (8 GB/256 GB SSD/Windows 10) Inspiron 3505 Laptop,"₹41,690"
ASUS VivoBook Ultra 14 Ryzen 7 Octa Core 4700U - (8 GB/512 GB SSD/Windows 10 Home) M413IA-EK587T Thin ...,"₹59,990"
ASUS VivoBook 15 Core i5 10th Gen - (8 GB/1 TB HDD/Windows 10 Home) X515JA-EJ501T Thin and Light Lapto...,"₹45,990"
MSI Modern 14 Core i5 11th Gen - (8 GB/512 GB SSD/Windows 10 Home) Modern 14 B11MO-093IN Thin and Ligh...,"₹54,990"
HP 15s Ryzen 5 Quad Core 3500U - (8 GB/512 GB SSD/Windows 10 Home) 15s-gr0500AU Thin and Light Laptop,"₹52,629"
HP Chromebook MT8183 - (4 GB/64 GB EMMC Storage/Chrome OS) 11a-na0006MU Chromebook,"₹22,990"
MSI GF63 Thin Core i7 10th Gen - (8 GB/1 TB HDD/256 GB SSD/Windows 10 Home/4 GB Graphics/NVIDIA GeForc...,"₹72,990"
DELL G15 Core i5 10th Gen - (16 GB/512 GB SSD/Windows 10/4 GB Graphics/NVIDIA GeForce GTX 1650/120 Hz)...,"₹76,990"
DELL Vostro 3405 Ryzen 5 Quad Core 3450U - (8 GB/256 GB SSD/Windows 10 Home) Vostro 3405 Thin and Ligh...,"₹42,250"
DELL Inspiron Core i3 11th Gen - (8 GB/1 TB HDD/Windows 10) INSPIRON 3501 Notebook,"₹43,990"
DELL Inspiron Core i7 11th Gen - (16 GB/512 GB SSD/Windows 10) Inspiron 5410 2 in 1 Laptop,"₹85,550"
ASUS VivoBook Ultra 14 Core i3 10th Gen - (4 GB/512 GB SSD/Windows 10 Home) X413JA-EK268T||X413JA-EB30...,"₹38,990"
DELL Inspiron Ryzen 5 Hexa Core 5500U - (8 GB/512 GB SSD/Windows 10) Inspiron 7415 2 in 1 Laptop,"₹66,450"
APPLE MacBook Air M1 - (8 GB/512 GB SSD/Mac OS Big Sur) MGN73HN/A,"₹1,14,990"
Lenovo Ideapad Gaming 3 Ryzen 5 Hexa Core 4600H - (8 GB/1 TB HDD/Windows 10 Home/4 GB Graphics/NVIDIA ...,"₹57,990"
acer P2 Series Core i5 10th Gen - (8 GB/1 TB HDD/Windows 10 Home) TMP214-52 Thin and Light Laptop,"₹49,090"
ASUS VivoBook 15 Ryzen 5 Quad Core 3500U - (8 GB/1 TB HDD/Windows 10 Home) M515DA-BQ502TS Thin and Lig...,"₹41,990"
Lenovo E41 APU Dual Core A4 A4-5350B - (4 GB/1 TB HDD/DOS) E41-45 Notebook,"₹26,000"
APPLE MacBook Pro with Touch Bar Core i5 8th Gen - (8 GB/256 GB SSD/Mac OS Catalina) MXK32HN/A,"₹99,990"
Lenovo IdeaPad Flex 5 Core i3 11th Gen - (8 GB/512 GB SSD/Windows 10 Home) 14ITL05 Thin and Light Lapt...,"₹54,990"
DELL Inspiron Ryzen 5 Quad Core 3450U - (8 GB/256 GB SSD/Windows 10) Inspiron 3505 Laptop,"₹41,690"
APPLE MacBook Pro with Touch Bar Core i5 10th Gen - (16 GB/512 GB SSD/Mac OS Catalina) MWP72HN/A,"₹1,65,996"
Lenovo ThinkPad E15 Core i5 11th Gen - (8 GB/512 GB SSD/Windows 10 Home) E15 Laptop,"₹66,990"
ASUS ROG Strix G15 (2020) Core i5 10th Gen - (8 GB/1 TB SSD/Windows 10 Home/4 GB Graphics/NVIDIA GeFor...,"₹77,990"
HP 15s Ryzen 5 Quad Core 3500U - (8 GB/512 GB SSD/Windows 10 Home) 15s-gr0500AU Thin and Light Laptop,"₹52,629"
HP Core i7 10th Gen - (16 GB + 32 GB Optane/512 GB SSD/Windows 10 Home/6 GB Graphics/NVIDIA GeForce RT...,"₹1,34,990"
Lenovo Ideapad Slim 5i Core i5 11th Gen - (8 GB/1 TB HDD/256 GB SSD/Windows 10 Home) 15 ITL 05 Thin an...,"₹63,990"
HP Core i5 11th Gen - (8 GB + 32 GB Optane/512 GB SSD/Windows 10 Home) 15s-FQ2071TU Thin and Light Lap...,"₹56,490"
ASUS VivoBook Ultra 14 Ryzen 7 Octa Core 4700U - (8 GB/512 GB SSD/Windows 10 Home) M413IA-EK587T Thin ...,"₹59,990"
ASUS Chromebooks Celeron Dual Core - (4 GB/64 GB EMMC Storage/Chrome OS) C423NA-BZ0522 Thin and Light ...,"₹23,999"
Lenovo IdeaPad Gaming 3 Ryzen 7 Octa Core 4800H - (8 GB/512 GB SSD/Windows 10 Home/4 GB Graphics/NVIDI...,"₹67,990"
DELL G7 Core i9 10th Gen - (16 GB/1 TB SSD/Windows 10 Home/8 GB Graphics/NVIDIA GeForce RTX 2070/300 H...,"₹1,79,990"
DELL Vostro 3405 Ryzen 5 Quad Core 3450U - (8 GB/256 GB SSD/Windows 10 Home) Vostro 3405 Thin and Ligh...,"₹42,250"
ASUS ROG Strix G15 (2021) Ryzen 9 Octa Core 5900HX - (16 GB/1 TB SSD/Windows 10 Home/6 GB Graphics/NVI...,"₹1,54,990"
MSI GP65 Leopard Core i7 10th Gen - (16 GB/1 TB HDD/256 GB SSD/Windows 10 Home/6 GB Graphics/NVIDIA Ge...,"₹99,990"
DELL Inspiron 3501 Core i5 11th Gen - (8 GB/1 TB HDD/256 GB SSD/Windows 10 Home/2 GB Graphics) Inspiro...,"₹67,490"
DELL Inspiron Ryzen 5 Hexa Core 5500U - (8 GB/512 GB SSD/Windows 10) Inspiron 7415 2 in 1 Laptop,"₹66,450"
APPLE MacBook Pro Core i7 9th Gen - (16 GB/512 GB SSD/Mac OS Catalina/4 GB Graphics) MVVJ2HN/A,"₹1,85,659"
APPLE MacBook Pro M1 - (8 GB/256 GB SSD/Mac OS Big Sur) MYDA2HN/A,"₹1,12,990"
ASUS VivoBook Ultra S14 Core i5 11th Gen - (8 GB + 32 GB Optane/512 GB SSD/Windows 10 Home) S433EA-AM5...,"₹64,490"
Lenovo Ideapad Slim 5i Core i5 11th Gen - (8 GB/1 TB HDD/256 GB SSD/Windows 10 Home) 15 ITL 05 Thin an...,"₹63,990"
Lenovo Ideapad Slim 3i (2021) Core i5 11th Gen - (8 GB/512 GB SSD/Windows 10 Home) 15ITL6 Thin and Lig...,"₹57,990"
Lenovo Legion Y540 Core i5 9th Gen - (8 GB/1 TB HDD/256 GB SSD/Windows 10 Home/4 GB Graphics/NVIDIA Ge...,"₹69,989"
DELL Inspiron Ryzen 5 Quad Core 3500U - (8 GB/512 GB SSD/Windows 10 Home) Inspiron 3505 Laptop,"₹49,990"
ASUS VivoBook 15 Ryzen 5 Quad Core 3500U - (8 GB/1 TB HDD/Windows 10 Home) M515DA-BQ502TS Thin and Lig...,"₹41,990"
APPLE MacBook Pro Core i9 9th Gen - (16 GB/1 TB SSD/Mac OS Catalina/4 GB Graphics) MVVM2HN/A,"₹2,22,810"
APPLE MacBook Air M1 - (8 GB/512 GB SSD/Mac OS Big Sur) MGNE3HN/A,"₹1,14,990"
ASUS Core i7 10th Gen - (8 GB/1 TB SSD/Windows 10 Home/4 GB Graphics/NVIDIA GeForce GTX 1650) FX506LH-...,"₹81,990"
DELL Inspiron Ryzen 5 Quad Core 3450U - (8 GB/256 GB SSD/Windows 10) Inspiron 3505 Laptop,"₹41,690"
ASUS VivoBook Ultra S14 Core i7 11th Gen - (8 GB + 32 GB Optane/512 GB SSD/Windows 10 Home) S433EA-AM7...,"₹76,990"
Lenovo Ideapad Slim 5 Ryzen 7 Octa Core 5700U - (8 GB/512 GB SSD/Windows 10 Home) 14 ALC 05 Thin and L...,"₹63,990"
ASUS VivoBook Ultra 14 Core i5 11th Gen - (8 GB/512 GB SSD/Windows 10 Home) X413EA-EK511TS Thin and Li...,"₹59,990"
HP 15s Ryzen 5 Quad Core 3500U - (8 GB/512 GB SSD/Windows 10 Home) 15s-gr0500AU Thin and Light Laptop,"₹52,629"
Lenovo IdeaPad Gaming 3 Core i5 10th Gen - (8 GB/512 GB SSD/Windows 10 Home/4 GB Graphics/NVIDIA GeFor...,"₹62,990"
HP Pavilion Gaming Ryzen 5 Hexa Core 4600H - (8 GB/1 TB HDD/Windows 10 Home/4 GB Graphics/NVIDIA GeFor...,"₹58,990"
ASUS Ryzen 5 Hexa Core 5500U - (8 GB/512 GB SSD/Windows 10 Home) KM413UA-EB503TS Thin and Light Laptop,"₹62,990"
ASUS VivoBook Ultra 14 Ryzen 7 Octa Core 4700U - (8 GB/512 GB SSD/Windows 10 Home) M413IA-EK587T Thin ...,"₹59,990"
MSI Modern 14 Core i7 11th Gen - (8 GB/512 GB SSD/Windows 10 Home) Modern 14 B11MO-092IN Thin and Ligh...,"₹69,990"
ASUS Core i5 10th Gen - (8 GB/512 GB SSD/Windows 10 Home/2 GB Graphics) X509JB-EJ592T Laptop,"₹51,990"
ASUS VivoBook 15 Core i3 10th Gen - (8 GB/1 TB HDD/Windows 10 Home) X515JA-EJ322TS Thin and Light Lapt...,"₹42,990"
DELL Vostro 3405 Ryzen 5 Quad Core 3450U - (8 GB/256 GB SSD/Windows 10 Home) Vostro 3405 Thin and Ligh...,"₹42,250"
ASUS ZenBook Duo 14 (2021) Core i5 11th Gen - (16 GB/512 GB SSD/Windows 10 Home/2 GB Graphics) UX482EG...,"₹1,14,990"
HP 14s Core i3 11th Gen - (8 GB/256 GB SSD/Windows 10 Home) 14s-dy2500TU Thin and Light Laptop,"₹41,490"
ASUS VivoBook Ultra 14 Core i5 11th Gen - (8 GB/512 GB SSD/Windows 10 Home) X413EA-EB512TS Thin and Li...,"₹59,990"
Lenovo Ideapad Slim 5i Core i5 11th Gen - (8 GB/1 TB HDD/256 GB SSD/Windows 10 Home) 15 ITL 05 Thin an...,"₹63,990"
HP OMEN 15 Ryzen 7 Octa Core 5800H - (16 GB/1 TB SSD/Windows 10 Home/8 GB Graphics/NVIDIA GeForce RTX ...,"₹1,65,990"
ASUS ZenBook Duo Core i5 10th Gen - (8 GB/512 GB SSD/Windows 10 Home/2 GB Graphics) UX481FL-HJ551TS Th...,"₹86,990"
MSI Prestige 14 EVO Core i5 11th Gen - (16 GB/512 GB SSD/Windows 10 Home) Prestige 14 Evo A11M-436IN T...,"₹79,990"
ASUS VivoBook 15 Ryzen 5 Quad Core 3500U - (8 GB/1 TB HDD/Windows 10 Home) M515DA-BQ502TS Thin and Lig...,"₹41,990"
HP Pavilion x360 Core i3 11th Gen - (8 GB/256 GB SSD/Windows 10 Home) 14-dw1036TU 2 in 1 Laptop,"₹50,490"
HP Core i3 11th Gen - (8 GB/512 GB SSD/Windows 10) 42V68PA Laptop,"₹43,990"
HP Chromebook 14a Celeron Dual Core - (4 GB/64 GB EMMC Storage/Chrome OS) 14a-na0003tu Chromebook,"₹28,990"
DELL Inspiron Ryzen 5 Quad Core 3450U - (8 GB/256 GB SSD/Windows 10) Inspiron 3505 Laptop,"₹41,690"
DELL Inspiron Ryzen 3 Dual Core 3250U - (8 GB/1 TB HDD/Windows 10 Home) Inspiron 3505 Laptop,"₹35,680"
Lenovo IdeaPad Flex 5 Core i7 11th Gen - (16 GB/512 GB SSD/Windows 10 Home) 14ITL05 2 in 1 Laptop,"₹83,990"
Vaio SE Series Core i5 8th Gen - (8 GB/512 GB SSD/Windows 10 Home) NP14V1IN004P Thin and Light Laptop,"₹59,990"
HP 15s Ryzen 5 Quad Core 3500U - (8 GB/512 GB SSD/Windows 10 Home) 15s-gr0500AU Thin and Light Laptop,"₹52,629"
Lenovo Ideapad Slim 3i (2021) Core i5 11th Gen - (8 GB/256 GB SSD/Windows 10 Home) 15ITL6 Thin and Lig...,"₹55,990"
Lenovo Ideapad Flex 5 Core i3 11th Gen - (8 GB/256 GB SSD/Windows 10 Home) Ideapad Flex 5 14LT05 UA 2 ...,"₹51,990"
Lenovo Core i5 9th Gen - (8 GB/1 TB HDD/Windows 10 Home/3 GB Graphics/NVIDIA GeForce GTX 1050) L340-15...,"₹49,990"
ASUS VivoBook Ultra 14 Ryzen 7 Octa Core 4700U - (8 GB/512 GB SSD/Windows 10 Home) M413IA-EK587T Thin ...,"₹59,990"
DELL Inspiron Core i5 11th Gen - (8 GB/512 GB SSD/Windows 10) Inspiron 5418 Notebook,"₹63,940"
ASUS Ryzen 5 Quad Core - (4 GB/256 GB SSD/Windows 10 Home) M515DA-BQ522TS Thin and Light Laptop,"₹41,990"
HP Pavilion Gaming Ryzen 5 Hexa Core 4600H - (8 GB/1 TB HDD/256 GB SSD/Windows 10 Home/4 GB Graphics/N...,"₹75,290"
DELL Vostro 3405 Ryzen 5 Quad Core 3450U - (8 GB/256 GB SSD/Windows 10 Home) Vostro 3405 Thin and Ligh...,"₹42,250"
HP Spectre x360 Core i7 10th Gen - (16 GB/1 TB SSD/Windows 10 Pro) 13-aw0188TU 2 in 1 Laptop,"₹1,79,990"
HP Pavilion Core i5 11th Gen - (16 GB/512 GB SSD/Windows 10 Home/2 GB Graphics) 14-dv0084TX Thin and L...,"₹71,990"
HP G Series Core i3 10th Gen - (4 GB/512 GB SSD/Windows 10 Home) 250 G8 Thin and Light Laptop,"₹42,947"
Lenovo Ideapad Slim 5i Core i5 11th Gen - (8 GB/1 TB HDD/256 GB SSD/Windows 10 Home) 15 ITL 05 Thin an...,"₹63,990"
ASUS VivoBook S15 Core i5 11th Gen - (8 GB/512 GB SSD/Windows 10 Home/2 GB Graphics) S532EQ-BQ502TS Th...,"₹72,990"
APPLE MacBook Pro with Touch Bar Core i5 8th Gen - (8 GB/512 GB SSD/Mac OS Catalina) MXK72HN/A,"₹1,32,990"
ASUS VivoBook 15 (2020) Core i5 10th Gen - (8 GB/256 GB SSD/Windows 10 Home) X515JA-EJ532TS Thin and L...,"₹47,990"
ASUS VivoBook 15 Ryzen 5 Quad Core 3500U - (8 GB/1 TB HDD/Windows 10 Home) M515DA-BQ502TS Thin and Lig...,"₹41,990"
ASUS VivoBook Ultra Ryzen 5 Hexa Core 5500U - (8 GB/512 GB SSD/Windows 10 Home) KM413UA-EB502TS Thin a...,"₹56,990"
Lenovo IdeaPad 3 Core i5 10th Gen - (8 GB/1 TB HDD/Windows 10 Home) 15IIL05 Laptop,"₹44,990"
ASUS Vivobook S Core i7 11th Gen - (8 GB/512 GB SSD/Windows 10 Home/2 GB Graphics) S532EQ-BQ701TS Lapt...,"₹84,990"
DELL Inspiron Ryzen 5 Quad Core 3450U - (8 GB/256 GB SSD/Windows 10) Inspiron 3505 Laptop,"₹41,690"
Lenovo IdeaPad 3 Core i3 10th Gen - (8 GB/1 TB HDD/Windows 10 Home) 15IIL05 Laptop,"₹43,790"
ASUS VivoBook Core i5 11th Gen - (16 GB/1 TB HDD/256 GB SSD/Windows 10 Home) K513EA-BQ563TS Thin and L...,"₹68,990"
ASUS Chromebooks Celeron Dual Core - (4 GB/64 GB EMMC Storage/Chrome OS) C214MA-BU0452 2 in 1 Laptop,"₹23,999"
HP 15s Ryzen 5 Quad Core 3500U - (8 GB/512 GB SSD/Windows 10 Home) 15s-gr0500AU Thin and Light Laptop,"₹52,629"
APPLE MacBook Air M1 - (8 GB/512 GB SSD/Mac OS Big Sur) MGNA3HN/A,"₹1,14,990"
MICROSOFT Surface Pro 7 Core i5 10th Gen - (8 GB/256 GB SSD/Windows 10 Home) 1866 2 in 1 Laptop,"₹99,990"
acer Aspire 3 Ryzen 3 Dual Core 3250U - (4 GB/1 TB HDD/Windows 10 Home) A315-23-R7H1 Laptop,"₹30,990"
ASUS VivoBook Ultra 14 Ryzen 7 Octa Core 4700U - (8 GB/512 GB SSD/Windows 10 Home) M413IA-EK587T Thin ...,"₹59,990"
ASUS ROG Flow X13 Ryzen 7 Octa Core 5800HS - (16 GB/512 GB SSD/Windows 10 Home/4 GB Graphics/NVIDIA Ge...,"₹1,19,990"
HP 14s Celeron Dual Core - (8 GB/256 GB SSD/Windows 10 Home) 14s-dq3017TU Thin and Light Laptop,"₹29,990"
ASUS ZenBook Flip 13 Core i5 11th Gen - (8 GB/512 GB SSD/Windows 10 Home) UX363EA-HP501TS 2 in 1 Lapto...,"₹94,290"
DELL Vostro 3405 Ryzen 5 Quad Core 3450U - (8 GB/256 GB SSD/Windows 10 Home) Vostro 3405 Thin and Ligh...,"₹42,250"
Lenovo IdeaPad Gaming Ryzen 5 Hexa Core 4600H - (8 GB/512 GB SSD/Windows 10 Home/4 GB Graphics/NVIDIA ...,"₹63,990"
ASUS ZenBook 13 Core i5 11th Gen - (8 GB/512 GB SSD/Windows 10 Home) UX325EA-EG501TS Thin and Light La...,"₹72,990"
ASUS VivoBook Ultra 14 Core i5 10th Gen - (8 GB/1 TB SSD/Windows 10 Home) X413JA-EK278TS Thin and Ligh...,"₹58,990"
Lenovo Ideapad Slim 5i Core i5 11th Gen - (8 GB/1 TB HDD/256 GB SSD/Windows 10 Home) 15 ITL 05 Thin an...,"₹63,990"
HP Pavilion Ryzen 7 Octa Core 5800H - (16 GB/512 GB SSD/Windows 10 Home/4 GB Graphics/NVIDIA GeForce R...,"₹89,990"
ASUS TUF Gaming F15 Core i5 10th Gen - (8 GB/512 GB SSD/Windows 10 Home/4 GB Graphics/NVIDIA GeForce G...,"₹65,990"
DELL Latitude 3400 Core i5 8th Gen - (8 GB/1 TB HDD/Windows 10 Pro) Latitude 3400 Laptop,"₹59,990"
ASUS VivoBook 15 Ryzen 5 Quad Core 3500U - (8 GB/1 TB HDD/Windows 10 Home) M515DA-BQ502TS Thin and Lig...,"₹41,990"
APPLE MacBook Pro Core i7 9th Gen - (16 GB/512 GB SSD/Mac OS Catalina/4 GB Graphics) MVVL2HN/A,"₹1,85,659"
HP Pavilion Laptop 15-eg Core i5 11th Gen - (16 GB/512 GB SSD/Windows 10 Home/2 GB Graphics) 15-eg0103...,"₹72,990"
MSI GF65 Thin Core i7 10th Gen - (16 GB/512 GB SSD/Windows 10 Home/6 GB Graphics/NVIDIA GeForce RTX 20...,"₹94,990"
DELL Inspiron Ryzen 5 Quad Core 3450U - (8 GB/256 GB SSD/Windows 10) Inspiron 3505 Laptop,"₹41,690"
Nokia PureBook X14 Core i5 10th Gen - (8 GB/512 GB SSD/Windows 10 Home) NKi510UL85S Thin and Light Lap...,"₹57,990"
DELL Inspiron Core i5 11th Gen - (8 GB/512 GB SSD/Windows 10/2 GB Graphics) Inspiron 5410 2 in 1 Lapto...,"₹77,990"
HP Omen Core i5 10th Gen - (8 GB/1 TB SSD/Windows 10 Home/4 GB Graphics/NVIDIA GeForce GTX 1650 Ti) 15...,"₹96,490"
HP 15s Ryzen 5 Quad Core 3500U - (8 GB/512 GB SSD/Windows 10 Home) 15s-gr0500AU Thin and Light Laptop,"₹52,629"
MSI Bravo 15 Ryzen 5 Hexa Core 4600H - (16 GB/512 GB SSD/Windows 10 Home/4 GB Graphics/AMD Radeon RX 5...,"₹72,990"
Mi Notebook Horizon Edition 14 Core i7 10th Gen - (8 GB/512 GB SSD/Windows 10 Home/2 GB Graphics) JYU4...,"₹59,999"
ASUS ASUS TUF Series Core i5 10th Gen - (8 GB/512 GB SSD/Windows 10 Home/4 GB Graphics/NVIDIA GeForce ...,"₹65,990"
ASUS VivoBook Ultra 14 Ryzen 7 Octa Core 4700U - (8 GB/512 GB SSD/Windows 10 Home) M413IA-EK587T Thin ...,"₹59,990"
DELL Vostro Ryzen 5 Hexa Core 5500U - (8 GB/512 GB SSD/Windows 10) Vostro 5415 Thin and Light Laptop,"₹58,590"
HP Pavilion Gaming Ryzen 5 Quad Core 3550H - (8 GB/1 TB HDD/Windows 10 Home/4 GB Graphics/NVIDIA GeFor...,"₹59,990"
APPLE MacBook Air Core i5 10th Gen - (8 GB/512 GB SSD/Mac OS Catalina) MVH22HN/A,"₹1,05,990"
DELL Vostro 3405 Ryzen 5 Quad Core 3450U - (8 GB/256 GB SSD/Windows 10 Home) Vostro 3405 Thin and Ligh...,"₹42,250"
APPLE MacBook Air Core i5 10th Gen - (8 GB/512 GB SSD/Mac OS Catalina) MVH22HN/A,"₹1,05,990"
APPLE MacBook Pro Core i5 8th Gen - (8 GB/512 GB SSD/Mac OS Mojave) MV972HN/A,"₹1,65,990"
ASUS VivoBook Ultra S15 Core i7 11th Gen - (8 GB/512 GB SSD/Windows 10 Home/2 GB Graphics) S532EQ-BQ70...,"₹84,990"
Lenovo Ideapad Slim 5i Core i5 11th Gen - (8 GB/1 TB HDD/256 GB SSD/Windows 10 Home) 15 ITL 05 Thin an...,"₹63,990"
ASUS VivoBook Ultra S15 Core i5 11th Gen - (8 GB/512 GB SSD/Windows 10 Home/2 GB Graphics) S532EQ-BQ50...,"₹72,990"
acer Swift 5 Core i5 11th Gen Intel EVO - (8 GB/512 GB SSD/Windows 10 Home) SF514-55TA Thin and Light ...,"₹68,999"
MSI GF65 Thin Core i7 9th Gen - (16 GB/512 GB SSD/Windows 10 Home/6 GB Graphics/NVIDIA GeForce RTX 206...,"₹89,990"
ASUS VivoBook 15 Ryzen 5 Quad Core 3500U - (8 GB/1 TB HDD/Windows 10 Home) M515DA-BQ502TS Thin and Lig...,"₹41,990"
ASUS ASUS TUF Dash F15 (2021) Core i7 11th Gen - (16 GB/512 GB SSD/Windows 10 Home/8 GB Graphics/NVIDI...,"₹1,29,990"
LG Gram 14 Core i5 10th Gen - (8 GB/256 GB SSD/Windows 10 Home) Gram 14Z90N Laptop,"₹62,990"
HP Envy x360 Core i5 11th Gen - (8 GB/512 GB SSD/Windows 10 Home) 13-BD0004TU 2 in 1 Laptop,"₹85,990"
DELL Inspiron Ryzen 5 Quad Core 3450U - (8 GB/256 GB SSD/Windows 10) Inspiron 3505 Laptop,"₹41,690"
ASUS ZenBook Duo Core i7 10th Gen - (16 GB/1 TB SSD/Windows 10 Home/2 GB Graphics) UX481FL-HJ143TS Thi...,"₹1,24,990"
Lenovo Ideapad Slim 5 Ryzen 7 Octa Core 4700U - (8 GB/512 GB SSD/Windows 10 Home) 14ARE05 Thin and Lig...,"₹60,990"
Lenovo Ideapad Slim 5i Core i5 11th Gen - (8 GB/512 GB SSD/Windows 10 Home) Ideapad 5 14itl05 u2a Thin...,"₹62,990"
HP 15s Ryzen 5 Quad Core 3500U - (8 GB/512 GB SSD/Windows 10 Home) 15s-gr0500AU Thin and Light Laptop,"₹52,629"
ASUS Ryzen 5 Hexa Core - (8 GB/1 TB HDD/256 GB SSD/Windows 10 Home) KM513UA-BQ512TS Thin and Light Lap...,"₹63,990"
MSI Bravo 15 Ryzen 5 Hexa Core 4600H - (8 GB/512 GB SSD/Windows 10 Home/4 GB Graphics/AMD Radeon RX 55...,"₹62,990"
HP Pavilion Core i5 11th Gen - (16 GB/512 GB SSD/Windows 10 Home) 13-bb0075TU Thin and Light Laptop,"₹71,990"
ASUS VivoBook Ultra 14 Ryzen 7 Octa Core 4700U - (8 GB/512 GB SSD/Windows 10 Home) M413IA-EK587T Thin ...,"₹59,990"
acer Predator Core i7 10th Gen - (16 GB/1 TB SSD/Windows 10 Home/8 GB Graphics/NVIDIA GeForce RTX 3070...,"₹1,54,990"
MSI Modern 14 Core i7 10th Gen - (8 GB/512 GB SSD/Windows 10 Home/2 GB Graphics) Modern 14 A10RAS-1069...,"₹79,990"
Lenovo Legion Core i5 9th Gen - (8 GB/1 TB HDD/256 GB SSD/Windows 10 Home/4 GB Graphics) Y540-15IRH-PG...,"₹59,990"
DELL Vostro 3405 Ryzen 5 Quad Core 3450U - (8 GB/256 GB SSD/Windows 10 Home) Vostro 3405 Thin and Ligh...,"₹42,250"
ASUS Core i3 10th Gen - (8 GB/1 TB HDD/128 GB SSD/Windows 10 Home) X415JA-EK092TS Thin and Light Lapto...,"₹48,990"
DELL Inspiron Core i5 11th Gen - (4 GB/1 TB HDD/256 GB SSD/Windows 10 Home) Inspiron 3501 Laptop,"₹56,100"
ASUS VivoBook 14 Core i5 8th Gen - (8 GB/512 GB SSD/Windows 10 Home) X412FA-EK296T Thin and Light Lapt...,"₹54,990"
Lenovo Ideapad Slim 5i Core i5 11th Gen - (8 GB/1 TB HDD/256 GB SSD/Windows 10 Home) 15 ITL 05 Thin an...,"₹63,990"
ASUS ZenBook Pro Duo 15 (2021) Core i9 10th Gen - (32 GB/1 TB SSD/Windows 10 Home/8 GB Graphics/Intel ...,"₹3,38,990"
DELL G15 Core i5 10th Gen - (8 GB/512 GB SSD/Windows 10/4 GB Graphics/NVIDIA GeForce GTX 1650/120 Hz) ...,"₹72,065"
APPLE MacBook Pro M1 - (8 GB/512 GB SSD/Mac OS Big Sur) MYDC2HN/A,"₹1,29,990"
ASUS VivoBook 15 Ryzen 5 Quad Core 3500U - (8 GB/1 TB HDD/Windows 10 Home) M515DA-BQ502TS Thin and Lig...,"₹41,990"
ASUS Pentium Quad Core - (4 GB/1 TB HDD/Windows 10 Home) X543MA-GQ1020T Laptop,"₹29,990"
ASUS ZenBook 13 Core i7 8th Gen - (8 GB/512 GB SSD/Windows 10 Home) UX333FA-A4115T Thin and Light Lapt...,"₹69,990"
HP Envy Core i7 10th Gen - (16 GB/1 TB SSD/Windows 10 Home/6 GB Graphics) 15-ep0123TX Laptop,"₹1,43,990"
DELL Inspiron Ryzen 5 Quad Core 3450U - (8 GB/256 GB SSD/Windows 10) Inspiron 3505 Laptop,"₹41,690"
APPLE MacBook Air Core i5 10th Gen - (8 GB/256 GB SSD/Mac OS Catalina) Z0YJ001KD,"₹92,990"
Lenovo Ideapad S145 Ryzen 3 Dual Core 3200U - (4 GB/1 TB HDD/Windows 10 Home) S145-15API Thin and Ligh...,"₹30,990"
DELL Inspiron Core i5 11th Gen - (8 GB/1 TB HDD/256 GB SSD/Windows 10/2 GB Graphics) Inspiron 3501 Not...,"₹59,920"
HP 15s Ryzen 5 Quad Core 3500U - (8 GB/512 GB SSD/Windows 10 Home) 15s-gr0500AU Thin and Light Laptop,"₹52,629"
ASUS VivoBook Ultra 14 Core i5 11th Gen - (8 GB/512 GB SSD/Windows 10 Home/2 GB Graphics) X413EP-EK512...,"₹62,990"
Lenovo IdeaPad Core i3 10th Gen - (8 GB/256 GB SSD/Windows 10 Home) 14 IML 05 Thin and Light Laptop,"₹39,990"
DELL Inspiron Core i5 11th Gen - (4 GB/1 TB HDD/256 GB SSD/Windows 10) Inspiron 3501 Notebook,"₹56,050"
ASUS VivoBook Ultra 14 Ryzen 7 Octa Core 4700U - (8 GB/512 GB SSD/Windows 10 Home) M413IA-EK587T Thin ...,"₹59,990"
ALIENWARE Core i7 10th Gen - (16 GB/512 GB SSD/Windows 10 Home/6 GB Graphics/NVIDIA GeForce GTX 1660 T...,"₹1,74,990"
LG Gram Core i5 8th Gen - (8 GB/256 GB SSD/Windows 10 Home) Gram 15Z990 Thin and Light Laptop,"₹69,990"
HP Pavilion x360 Core i3 10th Gen - (8 GB/512 GB SSD/Windows 10 Home) 14-dh1502TU 2 in 1 Laptop,"₹50,890"
DELL Vostro 3405 Ryzen 5 Quad Core 3450U - (8 GB/256 GB SSD/Windows 10 Home) Vostro 3405 Thin and Ligh...,"₹42,250"
ASUS ZenBook Flip 13 Core i7 11th Gen - (16 GB + 32 GB Optane/512 GB SSD/Windows 10 Home) UX363EA-HP70...,"₹1,40,990"
ASUS ZenBook 13 (2021) OLED Core i5 11th Gen - (16 GB/512 GB SSD/Windows 10 Home) UX325EA-KG511TS Thin...,"₹84,990"
DELL Inspiron Core i7 10th Gen - (8 GB/512 GB SSD/Windows 10 Home) Inspiron 7391 2 in 1 Laptop,"₹1,08,990"
Lenovo Ideapad Slim 5i Core i5 11th Gen - (8 GB/1 TB HDD/256 GB SSD/Windows 10 Home) 15 ITL 05 Thin an...,"₹63,990"
HP 14s Core i3 10th Gen - (4 GB/1 TB HDD/Windows 10 Home) 14s-cf3006TU Thin and Light Laptop,"₹39,990"
DELL Inspiron Core i3 10th Gen - (8 GB/1 TB HDD/Windows 10 Home) Inspiron 3501 Laptop,"₹44,500"
HP Envy Core i5 10th Gen - (16 GB/512 GB SSD/Windows 10 Home/4 GB Graphics) 15-ep0011TX Laptop,"₹1,13,000"
ASUS VivoBook 15 Ryzen 5 Quad Core 3500U - (8 GB/1 TB HDD/Windows 10 Home) M515DA-BQ502TS Thin and Lig...,"₹41,990"
HP Spectre x360 Core i5 8th Gen - (8 GB/256 GB SSD/Windows 10 Pro) 13-ap0121TU 2 in 1 Laptop,"₹1,51,133"
ASUS Ryzen 5 Hexa Core - (8 GB/512 GB SSD/Windows 10 Home) M515UA-EJ512TS Thin and Light Laptop,"₹54,920"
HP Spectre x360 Core i7 10th Gen - (16 GB/512 GB SSD/Windows 10 Pro) 13-aw0205tu 2 in 1 Laptop,"₹1,62,990"
DELL Inspiron Ryzen 5 Quad Core 3450U - (8 GB/256 GB SSD/Windows 10) Inspiron 3505 Laptop,"₹41,690"
acer Predator Helios 300 Octa Core i7 10th Gen - (16 GB/1 TB HDD/256 GB SSD/Windows 10 Home/6 GB Graph...,"₹1,16,990"
LG Gram 15 Core i5 10th Gen - (8 GB/256 GB SSD/Windows 10 Home) Gram 15Z90N Laptop,"₹72,990"
ASUS VivoBook Ultra 14 Core i5 10th Gen - (8 GB + 32 GB Optane/512 GB SSD/Windows 10 Home/2 GB Graphic...,"₹57,990"
HP 15s Ryzen 5 Quad Core 3500U - (8 GB/512 GB SSD/Windows 10 Home) 15s-gr0500AU Thin and Light Laptop,"₹52,629"
Lenovo Ideapad 5 Ryzen 7 Octa Core 4700U - (16 GB/512 GB SSD/Windows 10 Home) Ideapad 5 15ALC05 Thin a...,"₹69,999"
acer Predator Helios 300 Core i7 9th Gen - (16 GB/1 TB HDD/256 GB SSD/Windows 10 Home/6 GB Graphics/NV...,"₹1,19,990"
Lenovo Yoga Slim 7 Core i7 11th Gen - (16 GB/1 TB SSD/Windows 10 Home) Yoga Slim 7 14ITL05b Thin and L...,"₹99,990"
ASUS VivoBook Ultra 14 Ryzen 7 Octa Core 4700U - (8 GB/512 GB SSD/Windows 10 Home) M413IA-EK587T Thin ...,"₹59,990"
Lenovo Yoga Slim 7 Core i7 11th Gen - (16 GB/1 TB SSD/Windows 10 Home) 14ITL05 Thin and Light Laptop,"₹97,990"
HP 15 Core i7 8th Gen - (16 GB/1 TB HDD/128 GB SSD/Windows 10 Home/4 GB Graphics) 15-dc0084TX Laptop,"₹1,26,873"
Lenovo ThinkPad E15 Core i3 11th Gen - (4 GB/256 GB SSD/DOS) E15 Laptop,"₹41,990"
DELL Vostro 3405 Ryzen 5 Quad Core 3450U - (8 GB/256 GB SSD/Windows 10 Home) Vostro 3405 Thin and Ligh...,"₹42,250"
DELL Inspiron Core i5 11th Gen - (8 GB/1 TB HDD/256 GB SSD/Windows 10/2 GB Graphics) INSPIRON 3501 Not...,"₹67,390"
DELL Inspiron Core i5 11th Gen - (8 GB/512 GB SSD/Windows 10 Home/2 GB Graphics) Inspiron 7400 Thin an...,"₹81,980"
MSI GL Core i7 7th Gen - (8 GB/1 TB HDD/Windows 10 Home/4 GB Graphics/NVIDIA GeForce GTX 1050) GL62 7R...,"₹95,990"
Lenovo Ideapad Slim 5i Core i5 11th Gen - (8 GB/1 TB HDD/256 GB SSD/Windows 10 Home) 15 ITL 05 Thin an...,"₹63,990"
Lenovo Yoga Slim 7 Ryzen 7 Octa Core 4800U - (8 GB/512 GB SSD/Windows 10 Home) 14ARE05 Thin and Light ...,"₹75,890"
HP 15 Core i7 8th Gen - (8 GB/1 TB HDD/128 GB SSD/Windows 10 Home/4 GB Graphics) 15-dc0082TX Laptop,"₹1,16,941"
Lenovo ThinkPad Core i5 10th Gen - (16 GB/512 GB HDD/512 GB SSD/Windows 10 Pro) T14 Thin and Light Lap...,"₹1,55,411"
ASUS VivoBook 15 Ryzen 5 Quad Core 3500U - (8 GB/1 TB HDD/Windows 10 Home) M515DA-BQ502TS Thin and Lig...,"₹41,990"
MSI Creator 17 Core i7 10th Gen - (32 GB/1 TB SSD/Windows 10 Home/8 GB Graphics/NVIDIA GeForce RTX 207...,"₹2,64,990"
MSI Stealth Core i7 8th Gen - (16 GB/512 GB SSD/Windows 10 Home/6 GB Graphics/NVIDIA GeForce RTX 2060)...,"₹1,89,990"
Lenovo ThinkPad Core i7 10th Gen - (16 GB/512 GB SSD/Windows 10 Pro) X13 Thin and Light Laptop,"₹1,74,527"
DELL Inspiron Ryzen 5 Quad Core 3450U - (8 GB/256 GB SSD/Windows 10) Inspiron 3505 Laptop,"₹41,690"
ASUS VivoBook Ultra Ryzen 7 Octa Core 5700U - (8 GB/512 GB SSD/Windows 10 Home) KM413UA-EB702TS Thin a...,"₹65,990"
ASUS ZenBook 14 Ryzen 5 Hexa Core AMD Ryzen™ 5 5500U Processor 5th Gen - (8 GB/512 GB SSD/Windows 10 H...,"₹79,990"
ASUS VivoBook Ultra S13 Core i5 11th Gen - (8 GB/512 GB SSD/Windows 10 Home) S333EA-EG502TS Thin and L...,"₹57,990"
HP 15s Ryzen 5 Quad Core 3500U - (8 GB/512 GB SSD/Windows 10 Home) 15s-gr0500AU Thin and Light Laptop,"₹52,629"
MICROSOFT Surface Laptop 3 Ryzen 5 Quad Core 3580U - (8 GB/128 GB SSD/Windows 10 Home) 1873 Laptop,"₹99,990"
Lenovo Ideapad Slim 3 Celeron Dual Core - (4 GB/256 GB SSD/Windows 10 Home) 15IGL05 Laptop,"₹31,400"
acer Predator Helios 300 Core i7 10th Gen - (16 GB/1 TB SSD/Windows 10 Home/6 GB Graphics/NVIDIA GeFor...,"₹1,19,990"
ASUS VivoBook Ultra 14 Ryzen 7 Octa Core 4700U - (8 GB/512 GB SSD/Windows 10 Home) M413IA-EK587T Thin ...,"₹59,990"
Lenovo Yoga Slim 7 Core i5 10th Gen - (8 GB/512 GB SSD/Windows 10 Home/2 GB Graphics) 14IIL05 Thin and...,"₹71,500"
ASUS ZenBook Classic Core i5 10th Gen - (8 GB/512 GB SSD/Windows 10 Home) UX333FA-A5822TS Thin and Lig...,"₹64,990"
Lenovo APU Dual Core A9 A99425 - (4 GB/1 TB HDD/Windows 10) E41-45 Notebook,"₹28,000"
DELL Vostro 3405 Ryzen 5 Quad Core 3450U - (8 GB/256 GB SSD/Windows 10 Home) Vostro 3405 Thin and Ligh...,"₹42,250"
Lenovo Ideapad Gaming 3 Core i5 10th Gen - (8 GB/512 GB SSD/Windows 10 Home/4 GB Graphics/NVIDIA GeFor...,"₹68,299"
Avita Pura Ryzen 5 Quad Core 3500U - (8 GB/512 GB SSD/Windows 10 Home in S Mode) NS14A6INV561-PDGYB Th...,"₹30,792"
HP Ryzen 5 Quad Core 3500U 3rd Gen - (8 GB/1 TB HDD/DOS) 3K1G7PA Laptop,"₹40,990"
Lenovo Ideapad Slim 5i Core i5 11th Gen - (8 GB/1 TB HDD/256 GB SSD/Windows 10 Home) 15 ITL 05 Thin an...,"₹63,990"
ASUS Core i5 11th Gen - (8 GB/512 GB SSD/Windows 10 Home) X515EA-EJ317TS Thin and Light Laptop,"₹59,990"
ASUS ZenBook Pro 15 Core i9 8th Gen - (16 GB/1 TB SSD/Windows 10 Home/4 GB Graphics) UX580GE-E2032T La...,"₹2,04,990"
DELL Ryzen 5 Dual Core - (8 GB/1 TB HDD/256 GB SSD/Windows 10) 3505 Laptop,"₹50,890"
ASUS VivoBook 15 Ryzen 5 Quad Core 3500U - (8 GB/1 TB HDD/Windows 10 Home) M515DA-BQ502TS Thin and Lig...,"₹41,990"
MSI GL Core i7 7th Gen - (8 GB/1 TB HDD/128 GB SSD/Windows 10 Home/4 GB Graphics/NVIDIA GeForce 1050Ti...,"₹99,990"
HP Pavilion x360 Core i3 11th Gen - (8 GB/512 GB SSD/Windows 10 Home) 14-dw1037TU 2 in 1 Laptop,"₹55,990"
HP Ryzen 5 Dual Core 4th Gen - (8 GB/512 GB HDD/512 GB SSD/Windows 10) ER1006AU Laptop,"₹54,990"
DELL Inspiron Ryzen 5 Quad Core 3450U - (8 GB/256 GB SSD/Windows 10) Inspiron 3505 Laptop,"₹41,690"
DELL GAMING G5 SERIES Core i5 10th Gen - (8 GB/512 GB SSD/Windows 10/4 GB Graphics/NVIDIA GeForce GTX ...,"₹79,990"
acer Spin 3 Core i3 10th Gen - (8 GB/256 GB SSD/Windows 10 Home) SP314-54N-33X8 2 in 1 Laptop,"₹54,999"
MSI GE Core i7 8th Gen - (16 GB/1 TB HDD/512 GB SSD/Windows 10 Home/8 GB Graphics/NVIDIA GeForce GTX 1...,"₹1,79,990"
HP 15s Ryzen 5 Quad Core 3500U - (8 GB/512 GB SSD/Windows 10 Home) 15s-gr0500AU Thin and Light Laptop,"₹52,629"
MICROSOFT Surface Laptop 3 Core i5 10th Gen - (8 GB/128 GB SSD/Windows 10 Home) 1867 Laptop,"₹89,990"
ASUS ExpertBook B9 Core i7 10th Gen - (16 GB/1 TB SSD/Windows 10 Home) ExpertBook B9 B9450FA Thin and ...,"₹1,54,990"
HP Pavilion 13 Core i5 8th Gen - (8 GB/256 GB SSD/Windows 10 Home) 13-an0046tu Thin and Light Laptop,"₹73,990"
ASUS VivoBook Ultra 14 Ryzen 7 Octa Core 4700U - (8 GB/512 GB SSD/Windows 10 Home) M413IA-EK587T Thin ...,"₹59,990"
HP Spectre x360 Core i5 10th Gen - (8 GB/512 GB SSD/Windows 10 Pro) 13-aw0211TU 2 in 1 Laptop,"₹1,27,990"
DELL XPS Core i7 10th Gen - (16 GB/1 TB SSD/Windows 10 Home/4 GB Graphics) XPS 9700 Laptop,"₹2,19,615"
ASUS TUF Gaming A17 Ryzen 5 Hexa Core 4600H - (16 GB/512 GB SSD/Windows 10 Home/4 GB Graphics/NVIDIA G...,"₹66,990"
DELL Vostro 3405 Ryzen 5 Quad Core 3450U - (8 GB/256 GB SSD/Windows 10 Home) Vostro 3405 Thin and Ligh...,"₹42,250"
ASUS ROG Strix Edition Core i7 7th Gen - (16 GB/1 TB HDD/128 GB SSD/Windows 10 Home/6 GB Graphics/NVID...,"₹1,39,990"
HP Envy Core i5 10th Gen - (8 GB/512 GB SSD/Windows 10 Home/2 GB Graphics) 13-ba0011tx Thin and Light ...,"₹78,990"
ASUS ROG Flow X13 Ryzen 9 Octa Core 5900HS - (16 GB/1 TB SSD/Windows 10 Home/4 GB Graphics/NVIDIA GeFo...,"₹1,39,990"
Lenovo Ideapad Slim 5i Core i5 11th Gen - (8 GB/1 TB HDD/256 GB SSD/Windows 10 Home) 15 ITL 05 Thin an...,"₹63,990"
Mi Notebook 14 Core i5 10th Gen - (8 GB/512 GB SSD/Windows 10 Home) JYU4299IN Thin and Light Laptop,"₹47,999"
Lenovo ThinkPad Core i5 10th Gen - (16 GB/512 GB SSD/Windows 10 Pro) X13 Thin and Light Laptop,"₹1,47,000"
"HP 255 G8 (2021 Model) Ryzen 3 Quad Core AMD Ryzen 3 3300U (2.1 GHz base frequency, up to 3.5 GHz burs...","₹38,990"
ASUS VivoBook 15 Ryzen 5 Quad Core 3500U - (8 GB/1 TB HDD/Windows 10 Home) M515DA-BQ502TS Thin and Lig...,"₹41,990"
DELL Inspiron Core i3 10th Gen - (8 GB/1 TB HDD/Windows 10 Home) Inspiron 3501 Laptop,"₹44,500"
DELL G5 15 SE Ryzen 5 Hexa Core 4600H - (8 GB/512 GB SSD/Windows 10 Home/6 GB Graphics/AMD Radeon RX 5...,"₹73,990"
ASUS Core i9 10th Gen - (32 GB/1 TB SSD/Windows 10 Home/6 GB Graphics/NVIDIA GeForce RTX 2060) UX581LV...,"₹2,69,990"
DELL Inspiron Ryzen 5 Quad Core 3450U - (8 GB/256 GB SSD/Windows 10) Inspiron 3505 Laptop,"₹41,690"
DELL Inspiron 15 7000 Series Core i5 8th Gen - (8 GB/1 TB HDD/128 GB SSD/Windows 10 Home/2 GB Graphics...,"₹60,450"
ASUS ZenBook 13 Core i5 8th Gen - (8 GB/512 GB SSD/Windows 10 Home) UX333FA-A4118T Thin and Light Lapt...,"₹59,990"
DELL Inspiron Core i3 11th Gen - (4 GB/256 GB SSD/Windows 10 Home) nspiron 5406 2 in 1 Laptop,"₹47,550"
HP 15s Ryzen 5 Quad Core 3500U - (8 GB/512 GB SSD/Windows 10 Home) 15s-gr0500AU Thin and Light Laptop,"₹52,629"
DELL Inspiron Core i5 11th Gen - (8 GB/512 GB SSD/Windows 10 Home) Inspiron 5301 Thin and Light Laptop,"₹62,580"
APPLE MacBook Pro with Touch Bar Core i5 10th Gen - (16 GB/1 TB SSD/Mac OS Catalina) MWP52HN/A,"₹1,84,978"
Lenovo Legion 7i Core i7 10th Gen - (16 GB/1 TB SSD/Windows 10 Home/8 GB Graphics/NVIDIA GeForce RTX 2...,"₹2,34,990"
ASUS VivoBook Ultra 14 Ryzen 7 Octa Core 4700U - (8 GB/512 GB SSD/Windows 10 Home) M413IA-EK587T Thin ...,"₹59,990"
DELL Inspiron Core i3 10th Gen - (4 GB/1 TB HDD/256 GB SSD/Windows 10) Inspiron 3501 Notebook,"₹44,990"
Lenovo IdeaPad Gaming Core i7 10th Gen - (8 GB/512 GB SSD/Windows 10 Home/4 GB Graphics/NVIDIA GeForce...,"₹86,690"
HP 14s Core i3 10th Gen - (8 GB/512 GB SSD/Windows 10 Home) 14s- ER0502TU Thin and Light Laptop,"₹55,904"
DELL Vostro 3405 Ryzen 5 Quad Core 3450U - (8 GB/256 GB SSD/Windows 10 Home) Vostro 3405 Thin and Ligh...,"₹42,250"
acer Swift 7 Core i5 7th Gen - (8 GB/256 GB SSD/Windows 10 Home) SF713-51 Thin and Light Laptop,"₹86,867"
ASUS Core i5 10th Gen - (8 GB/1 TB HDD/256 GB SSD/Windows 10 Home/2 GB Graphics) X515EP-EJ512TS Thin a...,"₹60,990"
ASUS VivoBook 14 Pentium Quad Core - (4 GB/256 GB SSD/Windows 10 Home) E410MA-EK319T Laptop,"₹31,490"
Lenovo Ideapad Slim 5i Core i5 11th Gen - (8 GB/1 TB HDD/256 GB SSD/Windows 10 Home) 15 ITL 05 Thin an...,"₹63,990"
HP 15s Core i5 11th Gen - (8 GB/512 GB SSD/Windows 10 Home/2 GB Graphics) 15s-DR3500TX Thin and Light ...,"₹64,990"
ASUS VivoBook 14 Ryzen 5 Hexa Core 4500U - (8 GB/512 GB SSD/Windows 10 Home) M413IA-EK582T Thin and Li...,"₹50,990"
ASUS TUF Dash F15 Core i5 11th Gen - (16 GB/1 TB SSD/Windows 10 Home/4 GB Graphics/NVIDIA GeForce RTX ...,"₹99,990"
ASUS VivoBook 15 Ryzen 5 Quad Core 3500U - (8 GB/1 TB HDD/Windows 10 Home) M515DA-BQ502TS Thin and Lig...,"₹41,990"
ASUS ZenBook 14 Core i5 11th Gen - (8 GB/512 GB SSD/Windows 10 Home/2 GB Graphics) UX435EG-AI501TS Thi...,"₹99,390"
acer Predator Helios 300 Core i5 7th Gen - (8 GB/1 TB HDD/128 GB SSD/Windows 10 Home/4 GB Graphics/NVI...,"₹1,29,999"
Lenovo Ryzen 3 Dual Core 3250U - (4 GB/1 TB HDD/DOS) 82C6000KIH Notebook,"₹26,990"
DELL Inspiron Ryzen 5 Quad Core 3450U - (8 GB/256 GB SSD/Windows 10) Inspiron 3505 Laptop,"₹41,690"
HP Chromebook MT8183 - (4 GB/64 GB EMMC Storage/Chrome OS) 11A-NA0002MU Chromebook,"₹22,990"
ASUS ZenBook Classic Core i5 10th Gen - (8 GB/512 GB SSD/Windows 10 Home/2 GB Graphics) UX434FL-A5822T...,"₹1,05,990"
ASUS VivoBook Flip 14 Core i3 11th Gen - (8 GB/256 GB SSD/Windows 10 Home) TP470EA-EC301TS Laptop,"₹54,990"
HP 15s Ryzen 5 Quad Core 3500U - (8 GB/512 GB SSD/Windows 10 Home) 15s-gr0500AU Thin and Light Laptop,"₹52,629"
ASUS EeeBook 12 Celeron Dual Core - (4 GB/64 GB EMMC Storage/Windows 10 Home) E210MA-GJ012T Thin and L...,"₹25,990"
DELL Core i5 10th Gen - (8 GB/512 GB SSD/Windows 10) D560020WIN9S Laptop,"₹1,09,999"
acer Aspire 5 Core i5 8th Gen - (8 GB + 16 GB Optane/1 TB HDD/Windows 10 Home/2 GB Graphics) A515-52G-...,"₹61,990"
ASUS VivoBook Ultra 14 Ryzen 7 Octa Core 4700U - (8 GB/512 GB SSD/Windows 10 Home) M413IA-EK587T Thin ...,"₹59,990"
ASUS Pro P5 Core i7 8th Gen - (8 GB/1 TB HDD/256 GB SSD/Windows 10 Pro) Pro P5 P5440FA Thin and Light ...,"₹98,912"
ASUS ZenBook S Core i7 8th Gen - (16 GB/512 GB SSD/Windows 10 Home) UX391UA-ET012T Thin and Light Lapt...,"₹1,04,990"
ASUS ROG Strix G15 (2020) Core i7 10th Gen - (16 GB/1 TB SSD/Windows 10 Home/4 GB Graphics/NVIDIA GeFo...,"₹92,990"
DELL Vostro 3405 Ryzen 5 Quad Core 3450U - (8 GB/256 GB SSD/Windows 10 Home) Vostro 3405 Thin and Ligh...,"₹42,250"
ASUS ExpertBook B9 Core i5 10th Gen - (8 GB/512 GB SSD/Windows 10 Home) ExpertBook B9 B9450FA Thin and...,"₹1,09,990"
DELL Inspiron Core i5 11th Gen - (8 GB/512 GB SSD/Windows 10) Inspiron 5410 2 in 1 Laptop,"₹69,450"
acer Swift 5 Core i7 11th Gen Intel EVO - (16 GB/1 TB SSD/Windows 10 Home) SF514-55TA-72VG Thin and Li...,"₹97,999"
Lenovo Ideapad Slim 5i Core i5 11th Gen - (8 GB/1 TB HDD/256 GB SSD/Windows 10 Home) 15 ITL 05 Thin an...,"₹63,990"
ASUS ExpertBook B9 Core i5 10th Gen - (8 GB/512 GB SSD/Windows 10 Pro) ExpertBook B9 B9450FA Thin and ...,"₹1,32,790"
Avita Cosmos 2 in 1 Celeron Dual Core - (4 GB/64 GB EMMC Storage/Windows 10 Home) NS12T5IN025P 2 in 1 ...,"₹17,990"
MSI Stealth 15M Core i7 11th Gen - (16 GB/1 TB SSD/Windows 10 Home/6 GB Graphics/NVIDIA GeForce RTX 30...,"₹1,34,990"
ASUS VivoBook 15 Ryzen 5 Quad Core 3500U - (8 GB/1 TB HDD/Windows 10 Home) M515DA-BQ502TS Thin and Lig...,"₹41,990"
ASUS Core i7 10th Gen - (16 GB/512 GB SSD/Windows 10/6 GB Graphics/NVIDIA GeForce GTX 1660Ti) G712LU-E...,"₹99,990"
Lenovo Ideapad Gaming 3 Core i5 - (8 GB/1 TB HDD/256 GB SSD/Windows 10 Home/4 GB Graphics/NVIDIA GeFor...,"₹78,799"
ASUS ROG Flow X13 Ryzen 9 Octa Core 5900HS - (32 GB/1 TB SSD/Windows 10 Home/4 GB Graphics/NVIDIA GeFo...,"₹1,54,990"
DELL Inspiron Ryzen 5 Quad Core 3450U - (8 GB/256 GB SSD/Windows 10) Inspiron 3505 Laptop,"₹41,690"
ASUS Core i3 11th Gen - (8 GB/256 GB SSD/Windows 10 Home) X513EA-BQ311TS Thin and Light Laptop,"₹49,590"
ASUS ROG Flow X13 Ryzen 7 Octa Core 5800HS - (16 GB/1 TB SSD/Windows 10 Home/4 GB Graphics/NVIDIA GeFo...,"₹1,24,990"
DELL Inspiron 7000 Core i5 10th Gen - (8 GB/512 GB SSD/Windows 10 Home/2 GB Graphics) 7490 Thin and Li...,"₹78,520"
HP 15s Ryzen 5 Quad Core 3500U - (8 GB/512 GB SSD/Windows 10 Home) 15s-gr0500AU Thin and Light Laptop,"₹52,629"
ASUS VivoBook Ultra 14 Core i5 11th Gen - (8 GB/512 GB SSD/Windows 10 Home/2 GB Graphics) X413EP-EK511...,"₹62,990"
Lenovo ThinkPad E15 Core i5 11th Gen - (8 GB/512 GB SSD/Windows 10 Home) E15 Laptop,"₹67,990"
ALIENWARE Core i7 10th Gen - (16 GB/1 TB SSD/Windows 10 Home/6 GB Graphics/NVIDIA GeForce RTX 2060/300...,"₹1,74,990"
ASUS VivoBook Ultra 14 Ryzen 7 Octa Core 4700U - (8 GB/512 GB SSD/Windows 10 Home) M413IA-EK587T Thin ...,"₹59,990"
Lenovo ThinkPad x390 Core i7 10th Gen - (8 GB/512 GB SSD/Windows 10 Pro) ThinkPad X390 Thin and Light ...,"₹1,29,990"
DELL Inspiron Core i5 11th Gen - (8 GB/1 TB HDD/Windows 10) Inspiron 3501 Notebook,"₹58,990"
DELL Latitude 5300 Core i5 8th Gen - (8 GB/256 GB SSD/Windows 10 Pro) Latitude 5300 Laptop,"₹59,990"
DELL Vostro 3405 Ryzen 5 Quad Core 3450U - (8 GB/256 GB SSD/Windows 10 Home) Vostro 3405 Thin and Ligh...,"₹42,250"
ASUS VivoBook Flip 14 Core i3 10th Gen - (4 GB/512 GB SSD/Windows 10 Home) TP412FA-EC372TS 2 in 1 Lapt...,"₹50,750"
MSI GL65 Leopard Core i7 10th Gen - (16 GB/1 TB HDD/256 GB SSD/Windows 10 Home/6 GB Graphics/NVIDIA Ge...,"₹1,09,990"
ASUS ZenBook Duo Core i5 10th Gen - (8 GB/512 GB SSD/Windows 10 Home/2 GB Graphics) UX481FL-BM5811T Th...,"₹79,990"
Lenovo Ideapad Slim 5i Core i5 11th Gen - (8 GB/1 TB HDD/256 GB SSD/Windows 10 Home) 15 ITL 05 Thin an...,"₹63,990"
DELL Inspiron Core i5 10th Gen - (8 GB/512 GB SSD/Windows 10 Home) Inspiron 7490 Thin and Light Laptop,"₹69,440"
ASUS ZenBook 14 Core i7 11th Gen - (16 GB/512 GB SSD/Windows 10 Home) UX425EA-BM701TS Thin and Light L...,"₹95,990"
Lenovo Core i9 10th Gen - (16 GB/1 TB SSD/Windows 10/8 GB Graphics/NVIDIA GeForce RTX 2080 super max-q...,"₹2,62,999"
ASUS VivoBook 15 Ryzen 5 Quad Core 3500U - (8 GB/1 TB HDD/Windows 10 Home) M515DA-BQ502TS Thin and Lig...,"₹41,990"
ASUS TUF Gaming A15 Ryzen 7 Octa Core 4800H - (8 GB/1 TB SSD/Windows 10 Home/6 GB Graphics/NVIDIA GeFo...,"₹1,04,990"
Lenovo IdeaPad Core i5 11th Gen - (8 GB/512 GB SSD/Windows 10 Home) 15 ITL 6 Thin and Light Laptop,"₹73,801"
ASUS ExpertBook P1 Core i5 10th Gen - (8 GB/1 TB HDD/Windows 10 Pro) ExpertBook P1 P1440FA Thin and Li...,"₹62,699"
DELL Inspiron Ryzen 5 Quad Core 3450U - (8 GB/256 GB SSD/Windows 10) Inspiron 3505 Laptop,"₹41,690"
ASUS Zephyrus G14 AniMe Matrix Ryzen 9 Octa Core AMD Ryzen 9 5900HS 5th Gen - (16 GB/1 TB SSD/Windows ...,"₹1,60,990"
Lenovo Ideapad S540 Core i5 10th Gen - (8 GB/1 TB HDD/256 GB SSD/Windows 10 Home/2 GB Graphics) S540-1...,"₹74,990"
Lenovo B50-70 Notebook (4th Gen Ci5/ 8GB/ 1TB/ Win8/ 2GB Graph) (59-427747),"₹52,490"
HP 15s Ryzen 5 Quad Core 3500U - (8 GB/512 GB SSD/Windows 10 Home) 15s-gr0500AU Thin and Light Laptop,"₹52,629"
Lenovo Ideapad Slim 3i (2021) Core i5 11th Gen - (8 GB/512 GB SSD/Windows 10 Home) 14 ITL 6 Thin and L...,"₹59,990"
DELL Core i3 11th Gen - (8 GB/1 TB HDD/Windows 10 Home) D560424WIN9S Laptop,"₹46,989"
Lenovo Yoga 6 Ryzen 7 Octa Core 4700U - (16 GB/512 GB SSD/Windows 10 Home) 13ARE05 2 in 1 Laptop,"₹78,990"
ASUS VivoBook Ultra 14 Ryzen 7 Octa Core 4700U - (8 GB/512 GB SSD/Windows 10 Home) M413IA-EK587T Thin ...,"₹59,990"
Lenovo Core i5 10th Gen - (8 GB/256 GB SSD/Windows 10/NVIDIA GeForce GTX) 82AU004QIN Gaming Laptop,"₹93,949"
DELL Inspiron Core i7 10th Gen - (8 GB/512 GB SSD/Windows 10 Home/2 GB Graphics) Inspiron 5501 Thin an...,"₹91,900"
ASUS Vivobook S15 Core i7 11th Gen - (8 GB/512 GB SSD/Windows 10 Home/2 GB Graphics) S532EQ-BQ702TS La...,"₹87,990"
DELL Vostro 3405 Ryzen 5 Quad Core 3450U - (8 GB/256 GB SSD/Windows 10 Home) Vostro 3405 Thin and Ligh...,"₹42,250"
ASUS Core i3 11th Gen - (4 GB/256 GB SSD/Windows 10 Home) K513EA-BQ303TS Thin and Light Laptop,"₹44,990"
DELL G15 Core i5 10th Gen - (16 GB/512 GB SSD/Windows 10/4 GB Graphics/NVIDIA GeForce GTX 1650/120 Hz)...,"₹75,990"
Lenovo Yoga C640 Core i5 10th Gen - (8 GB/512 GB SSD/Windows 10 Home) C640-13IML 2 in 1 Laptop,"₹75,989"
Lenovo Ideapad Slim 5i Core i5 11th Gen - (8 GB/1 TB HDD/256 GB SSD/Windows 10 Home) 15 ITL 05 Thin an...,"₹63,990"
DELL XPS Core i7 11th Gen - (16 GB/1 TB SSD/Windows 10) XPS 9310 Thin and Light Laptop,"₹1,78,490"
ASUS VivoBook S S14 Core i5 11th Gen - (8 GB + 32 GB Optane/512 GB SSD/Windows 10 Home) S433EA-AM501TS...,"₹64,990"
HP 250 G8 Core i5 11th Gen - (8 GB/1 TB HDD/Windows 10) 250 G8 Intel Core i5 Business Laptop,"₹55,990"
ASUS VivoBook 15 Ryzen 5 Quad Core 3500U - (8 GB/1 TB HDD/Windows 10 Home) M515DA-BQ502TS Thin and Lig...,"₹41,990"
acer Predator Helios 300 Core i5 10th Gen - (8 GB/1 TB HDD/256 GB SSD/Windows 10 Home/4 GB Graphics/NV...,"₹79,990"
ASUS Vivobook S14 Ryzen 5 Hexa Core Ryzen-5 5500U - (8 GB/1 TB SSD/Windows 10 Home) M433UA-EB581TS Thi...,"₹68,990"
Lenovo ThinkPad Core i5 10th Gen - (8 GB/512 GB HDD/512 GB SSD/Windows 10 Pro) T14 Thin and Light Lapt...,"₹1,25,124"
DELL Inspiron Ryzen 5 Quad Core 3450U - (8 GB/256 GB SSD/Windows 10) Inspiron 3505 Laptop,"₹41,690"
Lenovo ThinkPad E15 Core i5 11th Gen - (8 GB/512 GB SSD/Windows 10 Home/2 GB Graphics) E15 Laptop,"₹75,990"
HP 15s Core i5 11th Gen - (8 GB/1 TB HDD/Windows 10 Home/2 GB Graphics) 15s-du3060TX Thin and Light La...,"₹58,490"
Nexstgo Core i5 8th Gen - (16 GB/512 GB SSD/Windows 10 Pro) NX101 Thin and Light Laptop,"₹97,990"
HP 15s Ryzen 5 Quad Core 3500U - (8 GB/512 GB SSD/Windows 10 Home) 15s-gr0500AU Thin and Light Laptop,"₹52,629"
DELL Vostro Core i5 11th Gen - (8 GB/1 TB HDD/Windows 10 Home) Vostro 3400 Thin and Light Laptop,"₹52,690"
DELL XPS Core i5 11th Gen - (16 GB/512 GB SSD/Windows 10) XPS 13 9305 Notebook,"₹1,15,170"
Vaio E Series Ryzen 5 Quad Core 3500U - (8 GB/512 GB SSD/Windows 10 Home) NE15V2IN007P Thin and Light ...,"₹50,990"
ASUS VivoBook Ultra 14 Ryzen 7 Octa Core 4700U - (8 GB/512 GB SSD/Windows 10 Home) M413IA-EK587T Thin ...,"₹59,990"
Lenovo Core i3 10th Gen - (4 GB/1 TB HDD/Windows 10 Home) V15-IIL Laptop,"₹38,999"
HP 15s Core i5 11th Gen - (8 GB/1 TB HDD/256 GB SSD/Windows 10 Home/2 GB Graphics) 15s-du3047TX Laptop,"₹67,990"
Lenovo Ideapad S145 Core i5 10th Gen - (8 GB/512 GB SSD/Windows 10 Home) S145-15IIL Laptop,"₹58,990"
DELL Vostro 3405 Ryzen 5 Quad Core 3450U - (8 GB/256 GB SSD/Windows 10 Home) Vostro 3405 Thin and Ligh...,"₹42,250"
DELL G3 Core i5 10th Gen - (8 GB/1 TB HDD/256 GB SSD/Windows 10 Home/4 GB Graphics/NVIDIA GeForce GTX ...,"₹72,990"
ASUS VivoBook 15 Athlon Dual Core 3050U - (4 GB/1 TB HDD/Windows 10 Home) M515DA-EJ002TS Thin and Ligh...,"₹28,990"
DELL Vostro Core i5 11th Gen - (8 GB/1 TB HDD/Windows 10 Home) Vostro 3400 Thin and Light Laptop,"₹52,690"
Lenovo Ideapad Slim 5i Core i5 11th Gen - (8 GB/1 TB HDD/256 GB SSD/Windows 10 Home) 15 ITL 05 Thin an...,"₹63,990"
DELL XPS Core i5 11th Gen - (16 GB/512 GB SSD/Windows 10) XPS 13 9305 Notebook,"₹1,15,170"
Lenovo E41 APU Dual Core A6 A6-9225 - (4 GB/1 TB HDD/Windows 10) E41-45 Notebook,"₹26,990"
Vaio E Series Ryzen 5 Quad Core 3500U - (8 GB/512 GB SSD/Windows 10 Home) NE15V2IN007P Thin and Light ...,"₹50,990"
ASUS VivoBook 15 Ryzen 5 Quad Core 3500U - (8 GB/1 TB HDD/Windows 10 Home) M515DA-BQ502TS Thin and Lig...,"₹41,990"
Lenovo Core i3 10th Gen - (4 GB/1 TB HDD/Windows 10 Home) V15-IIL Laptop,"₹38,999"
HP 15s Core i5 11th Gen - (8 GB/1 TB HDD/256 GB SSD/Windows 10 Home/2 GB Graphics) 15s-du3047TX Laptop,"₹67,990"
Lenovo Ideapad S540 Core i7 11th Gen - (16 GB/512 GB SSD/Windows 10 Home) S540-13ITL Thin and Light La...,"₹78,076"
DELL Inspiron Ryzen 5 Quad Core 3450U - (8 GB/256 GB SSD/Windows 10) Inspiron 3505 Laptop,"₹41,690"
ASUS ROG Flow X13 (2021) Ryzen 9 Octa Core 5980HS - (32 GB/1 TB SSD/Windows 10 Home/4 GB Graphics) GV3...,"₹2,69,990"
MSI Prestige 14 EVO Core i7 11th Gen - (16 GB/512 GB SSD/Windows 10 Home) Prestige 14 Evo A11M-463IN T...,"₹89,990"
Lenovo Yoga 7 Core i5 11th Gen - (8 GB/512 GB SSD/Windows 10 Home) 14ITL5 2 in 1 Laptop,"₹1,14,281"
HP 15s Ryzen 5 Quad Core 3500U - (8 GB/512 GB SSD/Windows 10 Home) 15s-gr0500AU Thin and Light Laptop,"₹52,629"
ASUS ROG Flow X13 (2021) Ryzen 9 Octa Core 5900HS - (16 GB/1 TB SSD/Windows 10 Home/4 GB Graphics/NVID...,"₹1,29,990"
ASUS ROG Strix Scar 17 Core i7 10th Gen - (16 GB/1 TB SSD/Windows 10 Home/8 GB Graphics/NVIDIA GeForce...,"₹1,80,990"
ASUS ExpertBook P1 Core i5 10th Gen - (4 GB/1 TB HDD/Windows 10 Pro) ExpertBook P1 P1440FA Thin and Li...,"₹61,249"
ASUS VivoBook Ultra 14 Ryzen 7 Octa Core 4700U - (8 GB/512 GB SSD/Windows 10 Home) M413IA-EK587T Thin ...,"₹59,990"
ALIENWARE Core i9 10th Gen - (32 GB/1 TB SSD/Windows 10 Home/8 GB Graphics/NVIDIA GeForce RTX 2080 wit...,"₹3,19,990"
ASUS ExpertBook P2 Core i7 10th Gen - (8 GB/1 TB HDD/Windows 10 Pro/2 GB Graphics) ExpertBook P2 P2451...,"₹93,990"
DELL XPS Core i5 11th Gen Intel EVO - (8 GB/512 GB SSD/Windows 10 Home) XPS 9310 Thin and Light Laptop,"₹1,52,149"
DELL Vostro 3405 Ryzen 5 Quad Core 3450U - (8 GB/256 GB SSD/Windows 10 Home) Vostro 3405 Thin and Ligh...,"₹42,250"
acer ConceptD 5 Core i5 8th Gen - (8 GB/512 GB SSD/Windows 10 Home/4 GB Graphics) CN515-51 Thin and Li...,"₹99,500"
ASUS Ryzen 5 Hexa Core - (8 GB/1 TB HDD/256 GB SSD/Windows 10 Home) KM513UA-BQ513TS Thin and Light Lap...,"₹66,990"
DELL Inspiron Core i5 10th Gen - (8 GB/512 GB SSD/Windows 10 Home) Inspiron 5300 Thin and Light Laptop,"₹64,990"
Lenovo Ideapad Slim 5i Core i5 11th Gen - (8 GB/1 TB HDD/256 GB SSD/Windows 10 Home) 15 ITL 05 Thin an...,"₹63,990"
Lenovo Ideapad S145 Core i5 10th Gen - (8 GB/1 TB HDD/256 GB SSD/Windows 10 Home) 81W8 Ideapad S145-15...,"₹49,990"
Lenovo Yoga 7 Core i5 11th Gen - (16 GB/512 GB SSD/Windows 10 Home) 14ITL5 2 in 1 Laptop,"₹89,990"
ASUS Core i5 11th Gen - (8 GB/512 GB SSD/Windows 10 Home) K513EA-EJ502TS Laptop,"₹64,299"
ASUS VivoBook 15 Ryzen 5 Quad Core 3500U - (8 GB/1 TB HDD/Windows 10 Home) M515DA-BQ502TS Thin and Lig...,"₹41,990"
HP Core i3 10th Gen - (4 GB/512 GB SSD/Windows 10) 250 G8 I3 SSD Laptop,"₹39,990"
acer Spin 7 Core i7 7th Gen - (8 GB/256 GB SSD/Windows 10 Home) SP714-51 Laptop,"₹1,19,990"
ASUS TUF Dash F15 Core i5 11th Gen - (16 GB/1 TB SSD/Windows 10 Home/4 GB Graphics/NVIDIA GeForce RTX ...,"₹1,03,000"
DELL Inspiron Ryzen 5 Quad Core 3450U - (8 GB/256 GB SSD/Windows 10) Inspiron 3505 Laptop,"₹41,690"
ASUS Pro P5 Core i5 8th Gen - (8 GB/512 GB SSD/Windows 10 Pro) Pro P5 P5440FA Thin and Light Laptop,"₹85,990"
DELL Vostro Core i3 10th Gen - (4 GB/1 TB HDD/Linux) Vostro 3491 Thin and Light Laptop,"₹30,990"
DELL Inspiron 3000 Core i3 10th Gen - (8 GB/1 TB HDD/Windows 10 Home) Insprion 3593 Laptop,"₹37,961"
HP 15s Ryzen 5 Quad Core 3500U - (8 GB/512 GB SSD/Windows 10 Home) 15s-gr0500AU Thin and Light Laptop,"₹52,629"
ASUS ZenBook Flip 3 Core i7 8th Gen - (8 GB/512 GB SSD/Windows 10 Home) UX362FA-EL701T 2 in 1 Laptop,"₹85,031"
lenovo Ideapad Slim 5i Core i5 11th Gen Intel EVO - (8 GB/1 TB HDD/256 GB SSD/Windows 10 Home) 15ITL05...,"₹67,799"
Lenovo Ideapad Flex 5 Core i3 10th Gen - (4 GB/256 GB SSD/Windows 10 Home) 14IIL05 2 in 1 Laptop,"₹49,990"
ASUS VivoBook Ultra 14 Ryzen 7 Octa Core 4700U - (8 GB/512 GB SSD/Windows 10 Home) M413IA-EK587T Thin ...,"₹59,990"
Lenovo ThinkPad E15 Core i3 11th Gen - (4 GB/256 GB SSD/Windows 10 Home) E15 Laptop,"₹46,990"
ASUS ZenBook Flip 13 Core i5 11th Gen - (8 GB/512 GB SSD/Windows 10 Home) UX363EA-HP502TS Thin and Lig...,"₹94,990"
ASUS ExpertBook P2 Core i7 10th Gen - (8 GB/1 TB HDD/DOS/2 GB Graphics) ExpertBook P2 P2451FB Thin and...,"₹75,990"
DELL Vostro 3405 Ryzen 5 Quad Core 3450U - (8 GB/256 GB SSD/Windows 10 Home) Vostro 3405 Thin and Ligh...,"₹42,250"
ASUS ZenBook 13 Core i5 10th Gen - (8 GB/512 GB SSD/Windows 10 Home) UX334FL-A5822TS Thin and Light La...,"₹75,990"
MSI GS75 Stealth Core i9 10th Gen - (32 GB/1 TB SSD/Windows 10 Home/8 GB Graphics/NVIDIA GeForce RTX 2...,"₹2,44,990"
ASUS Vivobook Core i5 11th Gen - (8 GB/256 GB SSD/Windows 10 Home) X415EA-EK502TS Thin and Light Lapto...,"₹55,990"
Lenovo Ideapad Slim 5i Core i5 11th Gen - (8 GB/1 TB HDD/256 GB SSD/Windows 10 Home) 15 ITL 05 Thin an...,"₹63,990"
ALIENWARE Core i7 10th Gen - (16 GB/1 TB SSD/Windows 10 Home/8 GB Graphics/NVIDIA GeForce RTX 2070) m1...,"₹2,43,990"
Avita Liber Core i5 8th Gen - (8 GB/512 GB SSD/Windows 10 Home) NS14A2IN223P Thin and Light Laptop,"₹73,063"
HP 14s Core i5 10th Gen - (8 GB/1 TB HDD/256 GB SSD/Windows 10 Home) 14S-ER0003TU Thin and Light Lapto...,"₹70,900"
ASUS VivoBook 15 Ryzen 5 Quad Core 3500U - (8 GB/1 TB HDD/Windows 10 Home) M515DA-BQ502TS Thin and Lig...,"₹41,990"
ALIENWARE Core i7 9th Gen - (16 GB/1 TB SSD/Windows 10 Home/8 GB Graphics/NVIDIA GeForce RTX 2070) m15...,"₹2,04,990"
Lenovo Ideapad Slim 3i (2021) Core i3 10th Gen - (4 GB/256 GB SSD/Windows 10 Home) Ideapad Slim 3i Thi...,"₹39,999"
DELL Inspiron Core i3 10th Gen - (4 GB/1 TB HDD/256 GB SSD/Windows 10 Home) Inspiron 5491 2 in 1 Lapto...,"₹61,190"
DELL Inspiron Ryzen 5 Quad Core 3450U - (8 GB/256 GB SSD/Windows 10) Inspiron 3505 Laptop,"₹41,690"
HP 15s Core i3 10th Gen - (4 GB/1 TB HDD/Windows 10 Home/2 GB Graphics) 15s-du2060TX Thin and Light La...,"₹42,190"
DELL Inspiron 13 7000 Series Core i5 8th Gen - (8 GB/256 GB SSD/Windows 10 Home) insp 7386 2 in 1 Lapt...,"₹62,190"
Avita Liber Core i5 7th Gen - (8 GB/512 GB SSD/Windows 10 Home) NS13A1IN019P Thin and Light Laptop,"₹65,556"
HP 15s Ryzen 5 Quad Core 3500U - (8 GB/512 GB SSD/Windows 10 Home) 15s-gr0500AU Thin and Light Laptop,"₹52,629"
acer Swift 3 Core i5 10th Gen - (8 GB/512 GB SSD/Windows 10 Home/2 GB Graphics) SF314-57/SF314-57G Thi...,"₹64,990"
acer Swift 3 Core i5 10th Gen - (8 GB/512 GB SSD/Windows 10 Home/2 GB Graphics) SF314-57G-59RE Thin an...,"₹59,990"
ASUS ZenBook Flip S OLED Core i7 11th Gen Intel EVO - (16 GB/1 TB SSD/Windows 10 Home) UX371EA-HL701TS...,"₹1,49,990"
ASUS VivoBook Ultra 14 Ryzen 7 Octa Core 4700U - (8 GB/512 GB SSD/Windows 10 Home) M413IA-EK587T Thin ...,"₹59,990"
ASUS Viviobook K Series Core i7 11th Gen - (8 GB/1 TB HDD/256 GB SSD/Windows 10 Home/2 GB Graphics) K5...,"₹82,990"
ASUS Celeron Dual Core - (4 GB/1 TB HDD/Windows 10 Home) X515MA-BR004T Thin and Light Laptop,"₹28,490"
ASUS ExpertBook P2 Core i5 10th Gen - (8 GB/1 TB HDD/Windows 10 Pro/2 GB Graphics) ExpertBook P2 P2451...,"₹83,990"
DELL Vostro 3405 Ryzen 5 Quad Core 3450U - (8 GB/256 GB SSD/Windows 10 Home) Vostro 3405 Thin and Ligh...,"₹42,250"
DELL Ryzen 5 Dual Core - (8 GB/1 TB HDD/256 GB SSD/Windows 10) 3505 Laptop,"₹50,990"
DELL Inspiron 5518 Core i5 11th Gen - (16 GB/512 GB SSD/Windows 10 Home) Inspiron 5518 Laptop,"₹78,900"
Avita Liber Core i7 8th Gen - (8 GB/256 GB SSD/Windows 10 Home) NS14A2IN244P Thin and Light Laptop,"₹73,990"
Lenovo Ideapad Slim 5i Core i5 11th Gen - (8 GB/1 TB HDD/256 GB SSD/Windows 10 Home) 15 ITL 05 Thin an...,"₹63,990"
Avita Liber Core i7 8th Gen - (8 GB/256 GB SSD/Windows 10 Home) NS14A2IN247P Thin and Light Laptop,"₹73,990"
DELL G5 15 SE Ryzen 5 Hexa Core 4600H - (8 GB/512 GB SSD/Windows 10 Home/6 GB Graphics/AMD Radeon RX 5...,"₹74,990"
Avita Liber Core i5 7th Gen - (8 GB/512 GB SSD/Windows 10 Home) NS13A1IN015P Thin and Light Laptop,"₹65,556"
ASUS VivoBook 15 Ryzen 5 Quad Core 3500U - (8 GB/1 TB HDD/Windows 10 Home) M515DA-BQ502TS Thin and Lig...,"₹41,990"
Avita Liber Core i7 8th Gen - (8 GB/256 GB SSD/Windows 10 Home) NS14A2IN239P Thin and Light Laptop,"₹73,990"
Avita Liber Core i5 7th Gen - (8 GB/512 GB SSD/Windows 10 Home) NS13A1IN013P Thin and Light Laptop,"₹65,556"
ASUS ROG Flow X13 (2021) Ryzen 9 Octa Core 5900HS - (16 GB/1 TB SSD/Windows 10 Home/4 GB Graphics/NVID...,"₹1,49,990"
DELL Inspiron Ryzen 5 Quad Core 3450U - (8 GB/256 GB SSD/Windows 10) Inspiron 3505 Laptop,"₹41,690"
HP Pavilion x360 Core i5 11th Gen - (8 GB/512 GB SSD/Windows 10 Home) 14-dw1038TU 2 in 1 Laptop,"₹78,900"
HP Ryzen 5 Quad Core 3rd Gen - (8 GB/1 TB HDD/256 GB SSD/Windows 10 Home) 14s-dk0093AU Laptop,"₹60,900"
acer Aspire 5 Core i5 8th Gen - (8 GB/1 TB HDD/Windows 10 Home/2 GB Graphics) A515-52G Thin and Light ...,"₹61,990"
HP 15s Ryzen 5 Quad Core 3500U - (8 GB/512 GB SSD/Windows 10 Home) 15s-gr0500AU Thin and Light Laptop,"₹52,629"
Lenovo Legion Core i7 7th Gen - (8 GB/1 TB HDD/128 GB SSD/Windows 10 Home/4 GB Graphics/NVIDIA GeForce...,"₹82,990"
Lenovo Ideapad 330 Core i5 8th Gen - (8 GB/1 TB HDD/Windows 10 Home/2 GB Graphics) 330-15IKB Laptop,"₹46,990"
DELL Inspiron 3000 Core i5 9th Gen - (8 GB/512 GB SSD/Windows 10 Home/4 GB Graphics/NVIDIA GeForce GTX...,"₹74,490"
ASUS VivoBook Ultra 14 Ryzen 7 Octa Core 4700U - (8 GB/512 GB SSD/Windows 10 Home) M413IA-EK587T Thin ...,"₹59,990"
DELL Inspiron Ryzen 3 Dual Core 3250U - (4 GB/1 TB HDD/256 GB SSD/Windows 10 Home) Inspiron 3505 Lapto...,"₹42,999"
HP Envy Core i7 10th Gen - (16 GB/1 TB SSD/Windows 10 Home/6 GB Graphics) 15-EP0142TX 2 in 1 Laptop,"₹1,65,000"
HP Pavilion Core i7 9th Gen - (8 GB/1 TB HDD/256 GB SSD/Windows 10 Home/4 GB Graphics/NVIDIA GeForce G...,"₹99,000"
DELL Vostro 3405 Ryzen 5 Quad Core 3450U - (8 GB/256 GB SSD/Windows 10 Home) Vostro 3405 Thin and Ligh...,"₹42,250"
HP Envy Core i7 10th Gen - (16 GB/1 TB SSD/Windows 10 Home/6 GB Graphics) 15-EP0142TX 2 in 1 Laptop,"₹1,65,000"
HP Pavilion Core i7 9th Gen - (8 GB/1 TB HDD/256 GB SSD/Windows 10 Home/4 GB Graphics/NVIDIA GeForce G...,"₹99,000"
HP Pavilion Gaming Core i5 10th Gen - (8 GB/1 TB HDD/256 GB SSD/Windows 10 Home/4 GB Graphics/NVIDIA G...,"₹93,400"
Lenovo Ideapad Slim 5i Core i5 11th Gen - (8 GB/1 TB HDD/256 GB SSD/Windows 10 Home) 15 ITL 05 Thin an...,"₹63,990"
ASUS ZenBook 14 (2021) Ryzen 7 Octa Core 5700U - (16 GB/512 GB SSD/Windows 10 Home) UM425UA-AM702TS Th...,"₹1,04,990"
HP 15s Ryzen 7 Quad Core 3700U - (8 GB/512 GB SSD/Windows 10 Home) 15s-eq0132AU Thin and Light Laptop,"₹66,500"
Avita Liber Core i5 8th Gen - (8 GB/512 GB SSD/Windows 10 Home) NS14A2IN228P Thin and Light Laptop,"₹73,063"
ASUS VivoBook 15 Ryzen 5 Quad Core 3500U - (8 GB/1 TB HDD/Windows 10 Home) M515DA-BQ502TS Thin and Lig...,"₹41,990"
Lenovo Ideapad Slim 3i Core i5 11th Gen - (8 GB/512 GB SSD/Windows 10 Home) Ideapad 3 14ITL6 Thin and ...,"₹59,999"
HP 14s Core i3 10th Gen - (8 GB/1 TB HDD/256 GB SSD/Windows 10 Home) 14s-CF3028TU Thin and Light Lapto...,"₹50,100"
acer Predator Helios 300 Core i7 10th Gen - (16 GB/1 TB HDD/256 GB SSD/Windows 10 Home/6 GB Graphics/N...,"₹1,29,300"
DELL Inspiron Ryzen 5 Quad Core 3450U - (8 GB/256 GB SSD/Windows 10) Inspiron 3505 Laptop,"₹41,690"
ASUS ROG Strix G15 Core i7 10th Gen - (16 GB/512 GB SSD/Windows 10 Home/6 GB Graphics/NVIDIA GeForce G...,"₹1,14,880"
ASUS Zenbook 13 OLED Ryzen 5 Hexa Core 5th Gen - (8 GB/512 GB SSD/Windows 10 Home) UM325UA-KG501TS Thi...,"₹81,990"
DELL G3 Core i5 10th Gen - (8 GB/1 TB HDD/256 GB SSD/Windows 10 Home/4 GB Graphics/NVIDIA GeForce GTX ...,"₹74,990"
HP 15s Ryzen 5 Quad Core 3500U - (8 GB/512 GB SSD/Windows 10 Home) 15s-gr0500AU Thin and Light Laptop,"₹52,629"
HP Omen Core i5 10th Gen - (8 GB/512 GB SSD/Windows 10 Home/4 GB Graphics/NVIDIA GeForce GTX 1650) 15-...,"₹89,999"
Lenovo Ideapad 3 Core i5 10th Gen - (4 GB/1 TB HDD/Windows 10 Home) 15IIL05 Laptop,"₹53,000"
DELL Core i5 11th Gen - (8 GB/1 TB HDD/DOS) 3420 Business Laptop,"₹77,990"
ASUS VivoBook Ultra 14 Ryzen 7 Octa Core 4700U - (8 GB/512 GB SSD/Windows 10 Home) M413IA-EK587T Thin ...,"₹59,990"
HP 15s Core i5 10th Gen - (8 GB/1 TB HDD/256 GB SSD/Windows 10 Home/2 GB Graphics) 15s-dr2007tx Laptop,"₹76,000"
Avita Liber Core i7 8th Gen - (8 GB/256 GB SSD/Windows 10 Home) NS14A2IN246P Thin and Light Laptop,"₹73,990"
ASUS Zephyrus G14 Ryzen 7 Octa Core AMD Ryzen™ 7 5800HS 5th Gen - (8 GB/1 TB SSD/Windows 10 Home/4 GB ...,"₹1,17,990"
DELL Vostro 3405 Ryzen 5 Quad Core 3450U - (8 GB/256 GB SSD/Windows 10 Home) Vostro 3405 Thin and Ligh...,"₹42,250"
HP Spectre x360 Core i5 10th Gen - (8 GB/512 GB SSD/Windows 10 Home) 13-aw0204TU 2 in 1 Laptop,"₹1,15,900"
HP Omen Ryzen 5 Hexa Core 4600H - (8 GB/512 GB SSD/Windows 10 Home/4 GB Graphics/NVIDIA GeForce GTX 16...,"₹87,900"
ASUS vivobook Flip 14 Core i3 11th Gen - (8 GB/256 GB SSD/Windows 10 Home) TP470EA-EC301TS 2 in 1 Lapt...,"₹54,900"
Lenovo Ideapad Slim 5i Core i5 11th Gen - (8 GB/1 TB HDD/256 GB SSD/Windows 10 Home) 15 ITL 05 Thin an...,"₹63,990"
HP Pavilion Core i7 9th Gen - (12 GB/1 TB HDD/512 GB SSD/Windows 10 Home/4 GB Graphics/NVIDIA GeForce ...,"₹1,22,000"
acer Core i5 11th Gen - (8 GB/1 TB HDD/Windows 10 Home/2 GB Graphics) NX.AG0SI.001 Laptop,"₹56,900"
HP Envy x360 Ryzen 5 Hexa Core 4500U - (8 GB/512 GB SSD/Windows 10 Home) 13-AY0045AU 2 in 1 Laptop,"₹97,500"
ASUS VivoBook 15 Ryzen 5 Quad Core 3500U - (8 GB/1 TB HDD/Windows 10 Home) M515DA-BQ502TS Thin and Lig...,"₹41,990"
HP 14s Core i5 11th Gen - (8 GB/512 GB SSD/Windows 10 Home) 14s- DQ2535TU Thin and Light Laptop,"₹64,646"
DELL Inspiron Core i3 10th Gen - (8 GB/1 TB HDD/Windows 10 Home) INSPIRON 3501 Laptop,"₹45,543"
DELL DELL 5590 Core i5 10th Gen - (8 GB/512 GB SSD/Windows 10/2 GB Graphics) Inspiron 15 5590 Laptop,"₹65,900"
DELL Inspiron Ryzen 5 Quad Core 3450U - (8 GB/256 GB SSD/Windows 10) Inspiron 3505 Laptop,"₹41,690"
ASUS ZenBook 13 Core i5 8th Gen - (8 GB/512 GB SSD/Windows 10 Home) UX331UAL-EG058T Thin and Light Lap...,"₹59,980"
HP Chromebook x360 Core i3 8th Gen - (8 GB/64 GB EMMC Storage/Chrome OS) 14-da0003TU 2 in 1 Laptop,"₹51,297"
Lenovo Yoga Slim 7 Core i7 10th Gen - (8 GB/512 GB SSD/Windows 10 Home/2 GB Graphics) 14IIL05 Thin and...,"₹90,885"
HP 15s Ryzen 5 Quad Core 3500U - (8 GB/512 GB SSD/Windows 10 Home) 15s-gr0500AU Thin and Light Laptop,"₹52,629"
ASUS Core i3 10th Gen - (8 GB/256 GB SSD/Windows 10 Home) p2451fa-bv1004t Business Laptop,"₹50,500"
HP Omen X 2S Core i9 9th Gen - (16 GB/2 TB SSD/Windows 10 Home/8 GB Graphics/NVIDIA GeForce RTX 2080) ...,"₹3,43,000"
HP Pavilion 14-ce Core i7 10th Gen - (8 GB/512 GB SSD/Windows 10 Home/2 GB Graphics) 14-ce3024TX Thin ...,"₹99,000"
ASUS VivoBook Ultra 14 Ryzen 7 Octa Core 4700U - (8 GB/512 GB SSD/Windows 10 Home) M413IA-EK587T Thin ...,"₹59,990"
DELL 3501 Core i3 10th Gen - (4 GB/1 TB HDD/256 GB SSD/256 GB EMMC Storage/Windows 10) INSPIRON 3501 D...,"₹47,999"
HP Envy 13 Ryzen 5 Quad Core 3500U - (8 GB/512 GB SSD/Windows 10 Home) 13-ar0118AU 2 in 1 Laptop,"₹85,000"
HP Omen X 2S Core i7 9th Gen - (16 GB/1 TB SSD/Windows 10 Home/8 GB Graphics/NVIDIA GeForce RTX 2080) ...,"₹2,91,000"
DELL Vostro 3405 Ryzen 5 Quad Core 3450U - (8 GB/256 GB SSD/Windows 10 Home) Vostro 3405 Thin and Ligh...,"₹42,250"
Lenovo Ideapad S540 Core i5 10th Gen - (8 GB/512 GB SSD/Windows 10 Home/2 GB Graphics) S540-13IML Thin...,"₹81,999"
ASUS Vivobook 15 Celeron Dual Core - (4 GB/256 GB SSD/Windows 10 Home) X509MA-BR270T Laptop,"₹23,480"
HP Core i7 7th Gen - (32 GB/1 TB HDD/1 TB SSD/Windows 10 Home/8 GB Graphics/NVIDIA GeForce NVIDIA GeFo...,"₹2,30,000"
Lenovo Ideapad Slim 5i Core i5 11th Gen - (8 GB/1 TB HDD/256 GB SSD/Windows 10 Home) 15 ITL 05 Thin an...,"₹63,990"
ASUS Core i3 11th Gen - (4 GB/256 GB SSD/Windows 10 Home) K513EA-EJ302TS Laptop,"₹68,000"
HP 15q Core i3 7th Gen - (4 GB/1 TB HDD/DOS) 15q-ds0015tu Laptop,"₹32,955"
DELL Core i5 11th Gen - (8 GB/512 GB SSD/Windows 10 Home) 5502 Laptop,"₹70,499"
ASUS VivoBook 15 Ryzen 5 Quad Core 3500U - (8 GB/1 TB HDD/Windows 10 Home) M515DA-BQ502TS Thin and Lig...,"₹41,990"
HP Pavilion Core i3 7th Gen - (8 GB/1 TB HDD/Windows 10 Home/2 GB Graphics) da0435tx Laptop,"₹50,922"
HP 250-G6 Core i5 7th Gen - (4 GB/1 TB HDD/DOS/2 GB Graphics) 2RC10PA Laptop,"₹46,200"
HP 15q Core i5 7th Gen - (8 GB/1 TB HDD/Windows 10 Home) 15q-ds0029TU Laptop,"₹51,930"
DELL Inspiron Ryzen 5 Quad Core 3450U - (8 GB/256 GB SSD/Windows 10) Inspiron 3505 Laptop,"₹41,690"
HP 14q Core i3 7th Gen - (4 GB/1 TB HDD/Windows 10 Home) 14q-cs0014TU Laptop,"₹35,585"
HP 15s Core i3 8th Gen - (8 GB/1 TB HDD/Windows 10 Home) 15s-du0093TU Thin and Light Laptop,"₹43,781"
DELL Inspiron 3501 Core i5 11th Gen - (8 GB/1 TB HDD/256 GB SSD/Windows 10/2 GB Graphics) Inspiron 350...,"₹66,870"
HP 15s Ryzen 5 Quad Core 3500U - (8 GB/512 GB SSD/Windows 10 Home) 15s-gr0500AU Thin and Light Laptop,"₹52,629"
HP 15 Core i5 8th Gen - (8 GB/1 TB HDD/DOS/2 GB Graphics) 15-da0077tx Laptop,"₹55,729"
HP Chromebook x360 Core i5 8th Gen - (8 GB/64 GB EMMC Storage/Chrome OS) 14-da0004TU 2 in 1 Laptop,"₹61,745"
HP 14S Core i5 8th Gen - (8 GB/1 TB HDD/Windows 10 Home) cs1000tu Laptop,"₹61,373"
ASUS VivoBook Ultra 14 Ryzen 7 Octa Core 4700U - (8 GB/512 GB SSD/Windows 10 Home) M413IA-EK587T Thin ...,"₹59,990"
HP 14q Core i5 8th Gen - (8 GB/1 TB HDD/Windows 10 Home) 14q-cs0017tu Thin and Light Laptop,"₹44,097"
DELL Inspiron Core i3 10th Gen - (4 GB/1 TB HDD/256 GB SSD/Windows 10 Home) Inspiron 3593 Laptop,"₹43,990"
HP 14q Core i3 7th Gen - (8 GB/256 GB SSD/Windows 10 Home) 14q-cs0023TU Thin and Light Laptop,"₹35,811"
DELL Vostro 3405 Ryzen 5 Quad Core 3450U - (8 GB/256 GB SSD/Windows 10 Home) Vostro 3405 Thin and Ligh...,"₹42,250"
Smartron t.book flex Core i5 7th Gen - (4 GB/128 GB SSD/Windows 10 Home) T1224 2 in 1 Laptop,"₹52,990"
Lenovo Ideapad 720S Core i5 8th Gen - (8 GB/512 GB SSD/Windows 10 Home) 720S-13IKB Thin and Light Lapt...,"₹74,990"
Lenovo Ideapad 330s Core i5 8th Gen - (4 GB/1 TB HDD/Windows 10 Home/4 GB Graphics) 330S-15IKB Thin an...,"₹56,990"
Lenovo Ideapad Slim 5i Core i5 11th Gen - (8 GB/1 TB HDD/256 GB SSD/Windows 10 Home) 15 ITL 05 Thin an...,"₹63,990"
acer Swift 5 Core i5 8th Gen - (8 GB/512 GB SSD/Windows 10 Home) SF514-52T -59JY Thin and Light Laptop,"₹69,351"
MSI GL Core i7 7th Gen - (8 GB/1 TB HDD/Windows 10 Home/4 GB Graphics/NVIDIA GeForce GTX 1050) GL62 7R...,"₹79,990"
Avita Liber Core i7 10th Gen - (16 GB/1 TB SSD/Windows 10 Home) NS14A8INR671-PAG Thin and Light Laptop,"₹62,190"
ASUS VivoBook 15 Ryzen 5 Quad Core 3500U - (8 GB/1 TB HDD/Windows 10 Home) M515DA-BQ502TS Thin and Lig...,"₹41,990"
HP Core i5 7th Gen - (8 GB/256 GB SSD/Windows 10 Home) 13-V123TU Thin and Light Laptop,"₹69,000"
ASUS ZenBook Duo 14 (2021) Core i7 11th Gen - (16 GB/1 TB SSD/Windows 10 Home/2 GB Graphics) UX482EG-K...,"₹1,40,990"
HP 15q APU Dual Core A9 A9-9425 - (4 GB/1 TB HDD/Windows 10 Home) 15q-dy0007AU Laptop,"₹31,414"
DELL Inspiron Ryzen 5 Quad Core 3450U - (8 GB/256 GB SSD/Windows 10) Inspiron 3505 Laptop,"₹41,690"
DELL Vostro Core i3 10th Gen - (8 GB/512 GB SSD/Windows 10) Vostro 3401 Notebook,"₹49,999"
Lenovo Yoga Slim 7 Core i5 11th Gen - (16 GB/512 GB SSD/Windows 10 Home) Yoga Slim 7 14ITL05a Thin and...,"₹76,990"
HP 14s Core i3 10th Gen - (8 GB/1 TB HDD/Windows 10 Home) 14s-er0004TU Thin and Light Laptop,"₹49,999"
HP 15s Ryzen 5 Quad Core 3500U - (8 GB/512 GB SSD/Windows 10 Home) 15s-gr0500AU Thin and Light Laptop,"₹52,629"
ASUS ZenBook 13 Core i5 8th Gen - (8 GB/512 GB SSD/Windows 10 Home) UX333FA-A4117T Thin and Light Lapt...,"₹59,990"
acer Aspire 3 Core i5 10th Gen - (8 GB/1 TB HDD/Windows 10 Home/2 GB Graphics) A315-57G Laptop,"₹49,999"
HP Envy Core i5 10th Gen - (8 GB/512 GB SSD/Windows 10 Home) 13-ba0003tu Thin and Light Laptop,"₹72,990"
ASUS VivoBook Ultra 14 Ryzen 7 Octa Core 4700U - (8 GB/512 GB SSD/Windows 10 Home) M413IA-EK587T Thin ...,"₹59,990"
HP 14a Celeron Dual Core - (4 GB/64 GB EMMC Storage/Chrome OS) 14a- na0002TU Chromebook,"₹29,750"
DELL XPS Core i5 10th Gen - (8 GB/512 GB SSD/Windows 10 Home) XPS 9300 Thin and Light Laptop,"₹1,38,690"
HP Spectre x360 Core i5 10th Gen - (16 GB/512 GB SSD/Windows 10 Pro/4 GB Graphics) 15-eb0014tx 2 in 1 ...,"₹1,83,990"
DELL Vostro 3405 Ryzen 5 Quad Core 3450U - (8 GB/256 GB SSD/Windows 10 Home) Vostro 3405 Thin and Ligh...,"₹42,250"
AGB Orion Core i7 7th Gen - (32 GB/1 TB HDD/1 TB SSD/Windows 10/Intel Integrated Intel integrated 620)...,"₹85,000"
APPLE MacBook Pro Core i5 8th Gen - (8 GB/512 GB SSD/Mac OS Mojave) MV9A2HN/A,"₹1,65,990"
HP Pavilion 13 Core i5 8th Gen - (8 GB/128 GB SSD/Windows 10 Home) 13-an0045tu Thin and Light Laptop,"₹76,012"
Lenovo Ideapad Slim 5i Core i5 11th Gen - (8 GB/1 TB HDD/256 GB SSD/Windows 10 Home) 15 ITL 05 Thin an...,"₹63,990"
Smartron t.book flex Core i5 7th Gen - (4 GB/128 GB SSD/Windows 10 Home) T1224 2 in 1 Laptop,"₹52,990"
Smartron t.book flex Core m3 7th Gen - (4 GB/128 GB SSD/Windows 10 Home) T1223 2 in 1 Laptop,"₹42,990"
acer Swift 5 Core i5 8th Gen - (8 GB/256 GB SSD/Windows 10 Home) SF514-52T Thin and Light Laptop,"₹81,998"
ASUS VivoBook 15 Ryzen 5 Quad Core 3500U - (8 GB/1 TB HDD/Windows 10 Home) M515DA-BQ502TS Thin and Lig...,"₹41,990"
HP Pavilion 15-CS Core i5 8th Gen - (8 GB/1 TB HDD/Windows 10 Home/2 GB Graphics) 15-cs1000tx Laptop,"₹64,990"
HP Pavilion x360 Core i3 8th Gen - (4 GB/256 GB SSD/Windows 10 Home) 14-dh0101TU 2 in 1 Laptop,"₹54,238"
HP G4 Core i7 7th Gen - (16 GB/1 TB SSD/8 GB EMMC Storage/Windows 10 Pro) EliteBook 1040 G4 Laptop,"₹2,45,999"
DELL Inspiron Ryzen 5 Quad Core 3450U - (8 GB/256 GB SSD/Windows 10) Inspiron 3505 Laptop,"₹41,690"
LAVA Helium 12 Atom 7th Gen - (2 GB/32 GB HDD/32 GB EMMC Storage/Windows 10 Home) Helium 12 Laptop,"₹12,999"
Lenovo V15 Athlon Dual Core 3050U - (4 GB/1 TB HDD/DOS) V15 Laptop,"₹27,990"
HP 15q Ryzen 3 Dual Core 2200U - (4 GB/1 TB HDD/Windows 10 Home) 15q-dy0004au Laptop,"₹32,917"
HP 15s Ryzen 5 Quad Core 3500U - (8 GB/512 GB SSD/Windows 10 Home) 15s-gr0500AU Thin and Light Laptop,"₹52,629"
HP 14q Core i3 7th Gen - (4 GB/1 TB HDD/Windows 10 Home) 14q-CS0005TU Thin and Light Laptop,"₹34,688"
HP ProBook Core i3 7th Gen - (4 GB/500 GB HDD/Windows 10 Pro) 440 Business Laptop,"₹61,715"
HP 14q APU Dual Core A9 A9-9425 - (4 GB/256 GB SSD/Windows 10 Home) 14q-cy0006AU Thin and Light Laptop,"₹28,462"
ASUS VivoBook Ultra 14 Ryzen 7 Octa Core 4700U - (8 GB/512 GB SSD/Windows 10 Home) M413IA-EK587T Thin ...,"₹59,990"
Avita Liber Core i7 8th Gen - (8 GB/256 GB SSD/Windows 10 Home) NS14A2IN249P Thin and Light Laptop,"₹73,990"
Lenovo Core i7 10th Gen - (8 GB/1 TB HDD/256 GB SSD/Windows 10/4 GB Graphics/NVIDIA GeForce GTX GTX 16...,"₹1,09,999"
Lenovo Ideapad S340 Core i5 8th Gen - (8 GB/512 GB SSD/Windows 10 Home/2 GB Graphics) S340 Thin and Li...,"₹77,000"
DELL Vostro 3405 Ryzen 5 Quad Core 3450U - (8 GB/256 GB SSD/Windows 10 Home) Vostro 3405 Thin and Ligh...,"₹42,250"
HP ProBook Core i3 7th Gen - (4 GB/500 GB HDD/Windows 10 Pro) 440 Business Laptop,"₹61,715"
HP 14q APU Dual Core A9 A9-9425 - (4 GB/256 GB SSD/Windows 10 Home) 14q-cy0006AU Thin and Light Laptop,"₹28,462"
Avita Liber Core i7 8th Gen - (8 GB/256 GB SSD/Windows 10 Home) NS14A2IN249P Thin and Light Laptop,"₹73,990"
Lenovo Ideapad Slim 5i Core i5 11th Gen - (8 GB/1 TB HDD/256 GB SSD/Windows 10 Home) 15 ITL 05 Thin an...,"₹63,990"
Lenovo Core i7 10th Gen - (8 GB/1 TB HDD/256 GB SSD/Windows 10/4 GB Graphics/NVIDIA GeForce GTX GTX 16...,"₹1,09,999"
Lenovo Ideapad S340 Core i5 8th Gen - (8 GB/512 GB SSD/Windows 10 Home/2 GB Graphics) S340 Thin and Li...,"₹77,000"
HP 14q Core i3 7th Gen - (4 GB/256 GB SSD/Windows 10 Home) 14q-cs0019TU Thin and Light Laptop,"₹37,990"
ASUS VivoBook 15 Ryzen 5 Quad Core 3500U - (8 GB/1 TB HDD/Windows 10 Home) M515DA-BQ502TS Thin and Lig...,"₹41,990"
HP Core i5 7th Gen - (4 GB/1 TB HDD/Windows 10 Home) 250 G6 Laptop,"₹44,599"
COCONICS C1515/C1515W series Core i5 10th Gen - (8 GB/512 GB HDD/512 GB SSD/Windows 10 Pro) C1515W/C15...,"₹58,132"
HP APU Dual Core A6 A6-9225 - (4 GB/1 TB HDD/DOS) 245 G7 Laptop,"₹20,900"
DELL Inspiron Ryzen 5 Quad Core 3450U - (8 GB/256 GB SSD/Windows 10) Inspiron 3505 Laptop,"₹41,690"
COCONICS C1714/C1714W series Core i7 10th Gen - (8 GB/512 GB SSD/Windows 10 Pro) C1714W Laptop,"₹80,920"
ASUS Core i3 10th Gen - (4 GB + 32 GB Optane/512 GB SSD/Windows 10 Home) X515JA-EJ372TS Thin and Light...,"₹49,990"
DELL Inspiron Ryzen 3 Dual Core - (4 GB/1 TB HDD/256 GB SSD/Windows 10) Inspiron 3505 Laptop,"₹37,870"
HP 15s Ryzen 5 Quad Core 3500U - (8 GB/512 GB SSD/Windows 10 Home) 15s-gr0500AU Thin and Light Laptop,"₹52,629"
ASUS Core i5 10th Gen - (8 GB + 32 GB Optane/512 GB SSD/Windows 10 Home) X515JF-BQ521T Thin and Light ...,"₹64,990"
acer Travelmate Core i5 11th Gen - (16 GB/512 GB SSD/Windows 10 Home) TravelMate P214-53 Business Lapt...,"₹73,500"
acer Travelmate Core i3 11th Gen - (8 GB/1 TB HDD/Windows 10 Home) TravelMate P214-53 Business Laptop,"₹56,000"
ASUS VivoBook Ultra 14 Ryzen 7 Octa Core 4700U - (8 GB/512 GB SSD/Windows 10 Home) M413IA-EK587T Thin ...,"₹59,990"
Lenovo Ideapad Slim 3i Core i5 11th Gen - (8 GB/256 GB SSD/Windows 10 Home) Ideapad Slim 3 Thin and Li...,"₹59,999"
ASUS ROG Zephyrus G15 (2021) Ryzen 9 Octa Core Ryzen 7-5900HS 5th Gen - (16 GB/1 TB SSD/Windows 10 Hom...,"₹1,79,990"
